packet,battery,ram,encrypt
406,12,55,0
639,11,26,0
102,38,41,0
749,87,24,1
550,42,21,1
490,97,34,1
720,78,9,1
264,32,61,0
527,80,15,1
945,94,16,1
181,45,55,0
337,59,26,0
237,76,39,1
182,61,38,0
476,89,43,1
412,11,63,0
737,79,14,1
713,54,8,1
739,17,40,0
405,58,20,0
329,73,55,0
466,64,38,1
415,51,29,0
559,56,16,1
752,87,10,1
698,25,51,1
861,88,45,1
592,18,12,0
564,14,51,0
563,23,44,1
293,45,10,0
320,80,44,1
674,59,27,0
258,39,61,0
369,19,22,0
879,36,53,1
529,83,45,1
835,13,50,1
854,15,9,1
389,61,30,0
849,29,33,1
411,81,31,1
722,55,38,1
220,96,22,0
926,14,64,1
263,44,14,0
679,87,46,1
826,99,62,1
605,69,22,1
717,31,8,0
928,61,50,1
193,60,23,1
162,75,15,0
450,43,14,0
488,45,47,0
958,65,59,1
739,78,48,1
661,100,19,1
306,58,40,1
960,34,23,1
974,65,30,1
495,14,20,1
455,65,51,1
779,77,25,1
205,82,61,0
569,20,61,0
637,80,9,1
888,15,46,0
656,29,61,1
482,53,64,1
850,55,42,1
652,17,36,1
755,10,20,0
330,80,64,1
617,92,8,1
619,16,34,1
797,30,56,1
327,54,56,1
864,83,37,1
532,53,8,0
980,29,20,1
739,84,38,1
511,89,17,1
806,52,33,1
925,14,29,1
995,38,29,1
628,40,41,0
399,70,57,1
933,78,24,1
540,29,29,0
386,83,47,1
205,15,61,0
127,57,12,0
338,45,29,0
959,77,34,1
727,54,18,0
807,52,12,1
176,95,29,0
266,100,33,0
260,75,15,0
152,38,18,0
200,19,53,0
530,59,44,1
741,10,17,0
768,56,26,1
557,44,30,0
760,32,54,1
245,71,8,1
221,60,17,0
209,50,61,0
171,75,8,1
537,76,57,1
319,18,11,0
376,19,59,0
477,61,46,1
572,100,34,1
297,44,11,0
961,68,14,1
972,40,57,1
492,67,22,0
757,77,32,1
808,11,22,0
476,45,64,1
353,43,19,0
294,33,60,0
357,39,30,0
629,16,25,0
845,54,55,1
100,57,55,0
742,97,36,1
129,16,52,0
280,71,53,1
365,89,12,0
542,38,41,1
607,82,34,1
905,87,52,1
290,48,16,0
816,77,55,1
915,84,47,1
674,80,49,1
277,87,30,1
425,48,54,1
296,88,34,1
229,33,58,0
125,16,28,0
708,58,39,1
151,60,57,0
632,81,16,1
241,76,43,1
337,92,9,1
713,30,26,0
383,30,51,0
259,23,40,0
280,40,50,0
618,28,49,0
631,60,30,1
117,33,48,0
232,20,43,0
613,69,13,1
608,72,20,1
175,30,24,0
365,97,10,1
517,61,10,1
399,34,36,0
677,84,26,1
342,21,53,0
769,96,9,1
639,95,15,1
989,85,51,1
454,20,23,0
928,90,45,1
206,50,36,0
723,65,35,1
378,24,10,0
545,38,53,1
988,46,9,1
348,77,9,1
658,41,63,1
843,35,59,1
490,68,24,0
503,65,57,1
193,28,19,0
854,100,63,1
316,49,28,0
766,77,41,1
947,36,60,1
428,49,30,0
594,23,62,1
322,26,46,0
165,32,55,0
663,15,30,0
995,97,59,1
333,43,64,1
989,49,44,1
113,100,45,1
146,70,15,0
741,68,43,1
757,22,49,0
213,21,41,0
780,33,11,0
267,67,11,0
758,96,45,1
816,44,27,1
893,73,37,1
599,61,20,1
799,74,17,1
585,12,28,0
774,92,40,1
413,19,23,0
571,66,55,1
523,75,11,0
999,84,37,1
573,97,41,1
424,14,56,0
766,20,63,1
168,57,10,0
252,88,40,1
555,84,57,1
505,79,32,1
464,15,58,0
842,66,27,1
797,97,18,1
349,67,26,1
524,42,35,0
996,66,55,1
751,44,22,0
458,31,64,1
333,14,12,0
162,70,10,0
526,59,24,0
250,79,63,0
419,32,30,0
754,65,46,1
189,98,33,1
207,62,49,0
840,13,58,1
617,98,59,1
613,50,11,1
978,65,43,1
753,15,30,0
373,35,33,0
641,94,21,1
733,47,32,1
147,15,54,0
587,13,8,0
206,31,44,1
875,80,22,1
753,51,22,1
898,45,62,1
827,60,42,1
866,77,12,1
847,74,29,1
165,25,59,0
679,18,38,0
777,54,41,1
626,27,20,1
832,83,14,1
181,18,14,0
826,34,55,1
962,13,44,1
265,70,22,0
960,56,58,1
554,42,27,1
167,35,50,0
574,33,44,0
242,33,44,0
758,98,41,1
435,28,64,0
306,19,48,0
822,59,36,0
202,88,46,0
602,10,46,0
516,69,27,1
336,79,48,0
779,44,33,0
581,44,40,1
740,72,51,1
668,33,51,1
257,88,28,1
590,75,8,1
581,95,56,1
109,89,19,0
401,64,27,1
330,86,50,1
199,30,10,0
941,26,39,1
128,95,45,0
238,62,36,0
210,44,15,0
289,64,54,0
705,57,55,1
238,79,34,0
601,73,24,1
439,76,58,1
979,82,56,1
687,25,12,0
166,98,48,1
350,80,26,1
191,97,17,0
938,56,54,1
613,27,36,0
497,86,33,1
133,35,52,0
841,54,55,1
102,19,53,0
879,30,49,0
803,12,61,1
112,46,46,0
289,22,34,0
578,73,64,1
649,22,57,0
990,80,15,1
320,31,12,0
184,43,20,0
950,41,9,1
419,88,34,1
727,80,51,1
437,90,10,0
809,78,15,1
393,15,17,0
689,88,25,1
656,29,33,0
232,27,60,0
442,100,47,1
398,19,41,0
734,37,31,1
816,75,16,1
170,75,45,1
507,42,36,0
796,38,33,1
408,20,44,0
495,67,47,1
874,58,58,1
621,41,25,0
597,50,14,0
370,94,11,1
584,91,45,1
643,85,60,1
382,77,36,0
114,93,44,0
698,18,59,1
842,59,12,1
458,91,45,1
603,44,8,1
906,85,44,1
586,14,20,0
159,31,55,0
581,60,31,1
969,23,25,1
559,18,34,0
144,70,16,0
905,25,51,1
133,59,8,0
336,36,16,0
570,34,61,0
848,42,16,0
911,68,28,1
646,60,16,1
843,61,57,1
946,100,32,1
707,45,63,1
638,17,64,0
384,86,13,1
154,95,11,0
373,86,14,1
486,42,17,1
673,55,14,1
636,22,64,1
175,87,39,1
205,10,41,0
145,51,18,0
560,19,54,1
465,68,31,0
907,99,38,1
839,68,8,1
346,68,44,0
321,12,47,0
568,100,9,1
160,84,23,0
153,79,43,0
472,96,29,1
682,66,23,1
762,66,24,0
695,53,25,1
147,85,26,0
492,69,15,0
182,14,24,0
615,76,16,1
381,42,19,0
738,90,29,1
911,35,12,1
646,51,28,1
891,41,46,1
496,94,35,1
412,19,46,0
332,85,57,1
602,96,15,1
771,28,32,1
494,42,19,0
650,59,26,1
233,89,16,0
731,19,8,1
476,78,14,1
378,57,54,1
956,86,15,1
776,85,9,1
425,48,42,0
787,39,53,1
468,24,40,0
623,92,63,1
383,15,58,0
479,35,13,0
560,60,57,0
928,10,45,1
742,32,37,1
616,32,18,0
897,11,61,1
390,52,32,1
736,97,27,1
657,15,28,0
978,28,16,1
691,37,36,1
571,19,25,0
270,73,32,0
178,60,13,0
703,25,9,0
395,33,32,0
525,25,56,0
586,43,16,0
320,81,60,1
926,30,50,1
867,29,28,1
443,72,43,1
571,65,12,0
107,45,16,0
206,77,10,0
753,53,18,1
428,34,16,0
950,87,17,1
670,31,58,1
909,81,38,1
544,51,30,1
167,55,64,0
584,11,58,0
126,94,34,1
263,59,30,0
503,16,47,0
727,63,34,1
847,20,19,1
926,25,43,1
832,50,38,1
942,70,39,1
268,88,27,0
884,37,62,0
757,36,17,0
158,77,60,1
557,21,31,0
790,50,55,1
795,26,38,0
836,71,44,1
298,12,22,0
779,81,48,1
414,61,27,0
318,53,62,0
122,20,57,0
694,21,59,1
631,97,54,1
839,80,19,1
188,90,51,1
806,87,26,1
921,79,37,1
782,27,50,1
785,10,59,0
203,39,16,0
824,61,54,1
870,40,29,1
543,89,51,1
129,11,9,0
233,65,11,0
725,95,63,1
849,79,55,1
300,46,47,0
613,37,14,1
942,11,41,1
616,86,63,1
762,85,15,1
299,68,23,1
160,19,19,0
699,68,42,1
113,13,16,0
273,15,64,0
924,42,23,1
779,20,25,0
697,35,35,1
571,78,56,1
656,87,31,1
889,34,47,1
174,18,18,0
206,51,20,0
485,34,22,0
466,18,62,1
974,92,11,1
759,44,23,1
354,70,49,1
377,57,18,0
184,24,10,0
219,16,54,0
121,28,34,0
321,38,9,0
950,37,51,1
743,90,25,1
615,77,45,1
768,25,40,1
879,81,16,1
912,87,57,1
222,59,28,1
477,62,29,1
774,13,40,1
186,62,10,0
372,86,10,1
952,61,47,1
914,92,60,1
634,64,23,1
263,19,45,0
435,81,54,0
212,37,18,0
691,37,37,1
354,37,35,0
140,97,10,0
517,30,18,0
109,42,45,0
461,85,13,1
347,43,37,0
674,79,64,1
651,52,48,0
382,77,22,0
118,67,30,0
908,89,26,1
730,43,8,1
153,93,59,0
869,34,31,1
895,43,19,1
105,91,12,0
422,28,23,0
472,98,62,1
975,33,27,1
487,65,64,1
705,40,19,1
594,24,20,0
926,42,11,1
491,96,44,1
845,88,33,1
311,22,51,0
428,99,28,1
339,31,64,0
325,96,36,0
453,72,52,0
126,91,10,1
373,12,32,0
599,44,29,0
529,78,45,1
646,50,40,0
540,33,36,1
439,50,30,1
771,15,57,1
775,27,10,1
131,49,34,0
201,68,35,0
375,20,15,0
335,71,21,0
465,14,36,0
804,71,57,1
833,28,27,1
509,90,60,1
780,95,44,1
181,15,57,0
757,19,58,0
735,21,21,0
125,41,24,0
667,20,45,0
628,49,39,1
253,67,37,0
922,59,62,1
980,54,26,1
107,96,28,1
155,39,35,0
179,28,28,0
409,13,46,0
847,93,8,1
913,54,57,1
638,90,12,1
200,21,21,0
446,72,16,1
427,44,62,0
939,29,21,1
339,28,38,0
552,98,54,1
219,45,56,0
786,68,38,1
922,67,59,1
897,81,58,1
812,46,16,1
476,28,35,0
290,33,18,0
624,19,24,0
629,96,19,1
118,44,19,0
989,71,58,1
853,25,48,1
171,98,62,1
855,49,59,1
126,22,56,0
837,56,25,1
231,65,53,1
556,16,26,0
673,63,29,1
285,12,42,0
888,50,56,1
850,79,18,1
380,53,46,1
489,86,25,1
324,69,18,1
411,46,41,0
998,100,11,1
553,52,21,0
717,57,10,0
614,68,32,1
931,74,47,1
166,43,49,0
383,95,40,1
903,55,12,1
342,66,16,0
299,56,20,1
607,97,48,1
593,51,16,0
662,59,36,1
598,45,27,0
826,71,40,1
628,11,53,0
777,97,43,1
875,56,58,1
608,12,58,0
508,33,58,1
816,28,45,1
800,98,55,1
744,88,32,1
772,18,22,1
596,72,46,1
764,67,54,1
983,11,16,1
145,17,42,0
227,66,43,0
895,15,14,0
749,88,25,1
313,16,51,0
922,62,30,1
193,41,37,0
329,87,25,1
874,14,24,1
262,51,22,0
264,88,45,0
178,16,29,0
990,48,22,1
257,93,63,1
536,43,26,1
272,71,8,0
685,97,17,1
997,75,56,1
724,81,55,1
215,25,24,0
404,21,52,0
245,48,34,0
157,54,12,0
525,63,43,1
139,99,47,0
703,74,30,1
154,89,17,0
971,48,56,1
115,84,9,0
864,41,13,1
546,95,62,1
817,10,46,1
872,16,14,1
628,92,9,1
808,86,45,1
261,61,31,0
636,29,16,0
765,95,25,1
774,28,59,1
100,69,32,1
209,41,20,0
302,30,10,0
527,61,20,0
571,22,23,0
463,51,28,0
335,68,44,0
250,75,15,1
662,94,32,1
239,99,58,1
671,17,46,0
804,81,47,1
462,83,17,1
472,60,41,1
556,82,33,1
446,79,40,0
310,44,62,0
193,26,26,0
811,98,49,1
979,25,42,1
900,95,51,1
588,22,46,1
711,19,16,0
986,43,55,1
299,14,41,0
856,19,36,0
1000,45,54,1
610,50,31,1
372,91,34,1
679,75,29,1
996,11,11,1
777,41,64,1
127,88,50,1
420,85,42,1
764,14,57,1
378,46,28,0
415,18,19,0
953,85,23,1
914,27,11,1
509,12,37,0
752,75,63,1
152,63,52,0
317,68,20,1
765,95,53,1
614,72,20,1
924,34,22,1
307,17,54,0
246,74,24,0
597,72,34,1
297,100,11,1
459,30,56,1
983,53,31,1
944,55,11,1
133,49,48,0
275,53,49,0
641,32,18,1
112,20,34,0
726,24,29,0
824,58,47,1
790,23,60,1
266,54,34,0
435,36,60,0
625,28,37,1
970,23,15,1
729,53,39,1
752,62,25,1
335,58,33,0
583,12,52,0
975,70,54,1
397,88,54,1
633,25,12,1
249,48,48,0
467,95,53,1
930,45,16,1
748,16,52,0
970,34,33,1
495,69,33,1
452,21,19,0
600,76,25,1
372,37,36,1
799,16,42,1
473,77,50,0
756,15,58,0
945,59,49,1
197,96,11,1
413,84,27,1
133,31,30,0
263,49,20,0
379,41,9,0
209,44,16,0
696,88,54,1
334,72,37,1
868,13,56,1
494,87,20,1
258,86,19,1
515,69,20,1
559,70,38,1
619,82,45,1
978,29,32,1
277,10,55,0
945,96,55,1
385,18,34,0
145,73,42,0
477,39,51,1
847,28,49,1
990,93,21,1
483,18,11,0
891,53,32,1
690,33,52,1
273,86,39,1
262,36,15,0
937,86,46,1
168,45,43,0
489,24,27,0
509,53,48,0
410,53,36,1
704,13,10,0
126,59,44,0
941,45,19,1
247,39,62,0
715,75,8,1
822,98,10,1
741,14,62,1
375,69,13,0
932,11,39,1
659,32,36,1
761,95,11,1
629,27,29,1
837,76,33,1
266,13,25,0
412,35,15,0
953,88,60,1
114,98,29,0
291,82,10,1
313,68,60,1
579,85,19,1
966,36,51,1
321,43,53,1
425,93,43,1
817,18,45,1
977,80,60,1
710,44,18,0
143,88,33,0
228,81,14,0
567,74,16,1
770,37,57,1
558,18,13,0
631,17,61,1
682,28,22,1
548,97,50,1
477,93,14,1
226,22,49,0
177,12,23,0
963,73,30,1
623,30,43,1
380,14,60,1
722,53,56,1
369,25,34,0
481,75,10,0
394,89,36,1
408,59,31,1
519,19,31,0
962,39,36,1
515,84,62,1
183,61,48,0
186,23,57,0
192,57,58,0
832,94,13,1
854,76,51,1
484,13,15,0
192,79,51,1
289,62,20,0
469,93,56,1
891,32,53,1
936,79,59,1
717,93,63,1
542,87,10,1
189,58,14,0
622,90,43,1
829,95,53,1
597,88,49,1
554,71,57,1
160,56,43,0
359,34,20,0
252,71,13,0
287,80,63,0
581,84,16,1
190,100,16,1
989,35,24,1
430,22,16,1
287,67,34,0
951,92,13,1
957,78,36,1
123,57,14,0
718,72,16,1
288,27,30,0
587,53,42,1
767,73,62,1
119,77,39,0
701,20,33,0
724,26,52,1
489,52,38,0
498,79,28,1
328,56,15,0
665,48,38,1
197,50,33,0
883,63,37,1
163,14,64,0
582,95,48,1
660,89,64,1
343,60,59,1
831,33,56,1
925,42,57,1
547,52,63,1
708,44,25,1
990,42,39,1
848,91,17,1
894,59,60,1
541,67,12,1
792,21,10,1
308,58,16,0
930,74,64,1
548,98,20,1
161,98,16,0
979,59,14,1
315,58,45,0
523,15,30,0
176,55,46,0
677,33,54,1
816,76,29,1
370,71,21,0
648,27,48,1
916,77,34,1
573,28,44,0
162,94,53,0
316,57,17,1
150,40,51,0
334,88,22,1
787,69,37,1
958,75,52,1
305,50,21,0
679,41,37,0
275,23,45,0
114,55,61,1
862,59,21,1
802,34,55,1
247,92,60,1
111,89,27,1
825,97,52,1
567,31,49,0
887,31,56,1
482,86,30,1
976,40,44,1
111,14,39,0
944,71,16,1
910,49,23,1
722,44,35,1
442,56,25,0
427,17,57,0
806,93,26,1
119,93,30,0
991,32,39,1
222,59,25,0
447,69,21,0
760,56,17,1
608,62,40,1
128,56,16,0
642,44,11,0
697,94,34,1
856,98,54,1
822,43,54,1
325,55,63,1
896,57,41,1
946,23,18,1
822,46,61,1
770,25,33,1
132,42,19,0
960,61,52,1
724,23,35,1
284,75,42,0
619,30,58,1
420,71,53,1
257,80,29,0
559,67,40,1
638,80,42,1
607,61,32,1
481,50,53,1
117,99,24,1
892,22,40,1
827,53,11,1
859,50,45,1
161,28,33,0
166,66,39,0
513,60,30,0
517,31,37,0
145,11,63,0
164,82,40,0
609,93,26,1
551,43,55,0
627,53,58,1
705,82,59,1
251,78,10,0
371,11,12,0
293,90,26,1
451,76,61,1
685,72,30,1
469,77,46,1
473,63,35,1
318,96,47,1
640,54,41,1
582,56,38,1
324,89,55,1
485,56,45,1
555,89,53,1
129,53,31,0
277,17,25,0
285,29,13,0
628,58,19,1
409,71,38,1
154,22,44,0
829,85,13,1
484,34,41,0
281,14,22,0
933,27,30,1
479,66,60,1
272,84,63,1
723,16,27,1
850,21,53,1
682,58,28,0
840,82,21,1
184,51,36,0
638,25,28,1
965,35,51,1
823,73,14,1
947,96,22,1
235,25,15,0
129,38,16,0
967,52,59,1
380,70,19,1
244,28,31,0
369,68,34,1
414,77,53,1
513,65,28,1
500,91,51,1
381,82,8,0
216,63,27,0
734,49,18,1
695,99,51,1
730,47,40,1
395,52,36,0
465,26,54,0
944,47,59,1
148,48,48,0
665,48,31,1
130,81,55,1
105,54,56,0
540,16,43,0
434,53,51,0
894,85,28,1
929,58,9,1
623,55,47,1
257,80,26,0
324,67,64,1
293,84,42,1
740,89,31,1
297,32,15,1
932,100,34,1
804,28,20,1
634,81,36,1
526,57,52,1
202,15,9,0
783,17,12,0
960,30,8,0
485,91,30,0
708,63,40,1
435,21,36,1
307,58,14,0
544,11,51,0
494,16,38,0
348,65,57,0
318,22,8,0
660,27,48,0
236,89,45,1
472,47,28,0
371,48,9,1
598,83,63,1
154,45,20,0
780,13,36,1
980,81,12,1
675,37,17,0
672,24,23,0
110,99,51,1
457,27,39,0
517,80,50,1
348,55,42,1
734,14,60,1
696,58,15,1
806,71,50,1
125,17,48,0
864,29,13,1
809,11,35,1
779,52,63,1
712,95,36,1
522,92,58,1
120,17,54,0
179,74,28,0
769,85,35,1
372,91,10,0
899,83,22,1
185,36,44,0
923,80,18,1
500,31,37,0
446,43,45,1
907,56,34,1
668,79,33,1
258,37,42,0
613,31,32,1
139,36,10,0
292,91,35,1
129,34,17,0
143,74,46,0
176,17,54,0
527,68,42,1
809,44,33,1
523,30,30,0
450,69,12,0
706,40,32,1
261,94,55,0
642,83,46,1
856,59,49,1
650,73,39,1
954,20,19,1
455,22,41,0
834,80,52,1
660,12,63,0
372,49,35,1
954,24,33,1
561,100,48,1
362,77,38,1
195,42,16,0
819,74,35,1
151,11,26,0
951,82,64,1
751,95,46,1
545,95,25,1
484,58,51,1
776,44,63,1
900,49,55,1
946,60,33,1
425,81,14,0
164,93,13,0
318,89,56,1
433,92,17,1
537,94,25,1
752,97,60,1
588,12,57,0
626,12,35,0
843,92,57,1
836,10,47,1
336,68,48,1
444,35,56,0
417,48,36,0
837,58,44,1
697,11,35,0
502,89,56,1
474,63,8,1
189,27,8,0
406,96,35,1
604,73,32,1
400,13,29,0
570,100,63,1
272,39,49,0
699,98,17,1
260,65,48,0
377,90,51,0
454,13,35,0
183,21,47,0
412,55,48,1
205,37,58,0
969,27,59,1
660,59,15,0
627,75,25,1
391,42,62,0
420,91,36,1
670,21,34,1
811,72,40,1
826,86,12,1
410,34,11,0
581,78,35,1
741,30,49,1
715,44,29,1
568,74,37,1
494,95,40,1
101,41,45,0
197,44,61,0
586,29,37,1
911,59,14,1
557,36,17,1
610,32,57,0
791,85,20,1
239,31,62,0
387,28,59,0
415,39,44,0
189,18,54,0
214,48,20,0
908,61,56,1
689,42,46,1
819,52,27,1
715,54,20,1
250,59,9,0
936,24,32,1
570,65,46,1
255,96,32,1
363,82,23,1
402,18,28,1
392,22,36,0
398,18,32,0
133,52,25,0
960,37,29,1
290,19,8,0
147,15,44,0
413,33,20,0
648,97,53,1
159,47,21,0
704,99,29,1
189,54,64,1
229,98,45,1
187,44,30,0
673,23,27,0
578,12,14,0
595,74,53,1
337,47,35,0
837,45,32,0
988,46,52,1
995,90,50,1
747,14,61,1
417,83,38,1
566,23,34,1
312,45,40,0
191,97,59,1
754,33,16,0
450,64,40,1
813,92,46,1
403,68,44,0
265,92,58,0
905,59,49,1
171,34,62,0
785,31,28,1
640,85,58,1
150,65,14,0
113,53,47,0
405,36,61,0
682,79,35,1
812,94,16,1
370,27,62,0
815,30,35,1
385,100,34,1
961,58,27,1
647,20,61,1
827,66,8,1
848,34,55,1
149,44,11,0
961,50,45,1
437,81,24,1
609,94,37,1
594,52,23,0
643,14,63,0
818,98,11,1
546,52,64,1
872,11,53,1
858,71,8,1
227,75,36,0
949,69,48,1
303,15,42,0
524,90,57,1
944,95,28,1
158,73,26,0
426,27,20,0
337,63,56,1
472,56,43,1
313,82,34,1
637,92,26,1
775,37,25,1
971,80,42,1
345,58,46,0
434,63,63,1
330,63,16,0
409,85,22,0
615,31,47,0
630,24,44,1
169,84,28,0
716,44,11,1
261,40,59,0
259,23,54,0
845,32,15,0
535,40,8,1
112,25,41,0
412,55,52,1
835,88,34,1
216,59,55,0
650,49,23,0
524,87,11,1
559,71,38,1
221,77,63,1
308,63,9,1
512,80,21,1
754,97,18,1
146,51,11,0
376,92,55,1
242,90,54,1
635,90,17,1
589,50,30,0
401,38,52,0
332,37,32,1
989,25,20,1
731,96,26,1
803,28,57,1
719,81,23,1
914,42,11,1
608,19,55,0
862,68,33,1
177,29,54,0
145,69,43,1
571,87,55,1
627,64,48,1
793,91,24,1
916,96,10,1
175,72,55,0
430,80,24,1
781,16,28,1
616,15,32,0
932,60,63,1
749,86,39,1
519,100,31,1
181,46,46,0
910,61,18,1
636,62,12,0
269,50,62,0
496,82,27,0
588,68,46,1
940,34,50,1
987,90,38,1
716,64,26,1
132,49,33,0
182,89,10,0
378,48,51,0
547,72,56,1
433,73,33,0
729,76,30,1
497,98,31,1
853,99,52,1
270,11,16,0
261,86,39,1
877,45,8,1
670,90,32,1
503,72,64,1
816,13,47,1
457,22,27,0
938,51,30,1
180,95,39,1
920,72,43,1
585,95,22,1
258,15,24,0
628,18,8,0
289,42,54,0
474,69,64,1
202,79,37,0
725,29,58,0
471,89,59,1
551,18,59,0
163,67,27,0
629,88,55,1
955,94,58,1
345,82,34,1
508,49,61,1
794,45,9,1
526,26,34,1
789,89,40,1
610,18,54,1
610,32,51,1
369,82,13,0
179,53,43,0
607,25,26,1
311,87,39,1
701,48,20,1
409,89,45,1
830,16,21,1
490,10,36,0
954,61,38,1
488,19,23,0
718,30,22,1
720,61,63,1
103,34,9,0
384,95,33,1
456,80,58,1
870,75,22,1
829,56,54,1
446,49,36,0
162,65,12,0
679,46,23,1
716,92,55,1
574,64,39,1
500,35,21,0
640,51,59,1
364,95,58,1
795,24,40,1
607,15,36,1
741,32,36,1
499,46,24,0
353,67,48,0
687,72,12,1
390,63,12,1
896,65,50,1
980,21,41,1
627,89,44,1
205,33,63,0
817,36,56,1
776,82,25,1
999,29,38,1
965,22,9,1
439,87,12,0
545,99,64,1
588,76,16,1
846,31,34,1
159,27,12,0
384,37,28,0
454,25,53,1
182,74,29,1
193,16,37,0
309,49,61,0
386,34,38,0
449,26,37,0
193,84,8,0
484,29,21,0
251,67,25,0
260,82,62,1
435,53,59,1
258,29,18,0
787,38,20,1
754,69,28,1
379,40,43,0
410,34,46,0
974,66,25,1
736,83,27,1
947,18,40,1
689,69,26,1
817,43,33,1
450,33,8,0
481,68,8,1
750,55,35,1
101,91,20,0
704,38,12,1
519,20,19,0
167,77,29,0
798,18,18,1
559,41,32,0
701,90,56,1
660,22,42,0
462,53,24,0
639,33,27,1
443,97,35,1
832,34,31,1
905,85,41,1
116,92,18,0
774,100,35,1
481,27,16,1
773,51,61,1
112,99,55,1
178,33,44,0
830,19,61,1
410,11,60,0
289,60,37,1
831,19,48,0
565,37,55,1
898,76,29,1
587,39,9,1
865,86,23,1
410,89,19,0
690,16,45,0
180,56,27,0
905,38,19,1
611,28,15,0
321,64,44,0
615,68,46,1
830,35,27,1
484,71,48,1
395,17,17,0
439,90,17,1
381,90,51,1
744,25,32,1
212,42,18,0
509,25,23,0
588,43,37,1
313,48,40,0
523,10,52,0
775,91,39,1
847,84,58,1
795,25,53,1
794,69,20,1
243,93,53,1
126,41,36,0
515,25,17,0
548,51,8,0
844,78,14,1
450,61,19,1
618,15,54,1
569,68,18,1
848,81,12,1
531,34,10,0
717,32,13,1
852,81,45,1
393,58,11,0
856,42,48,1
280,29,39,0
695,27,56,1
664,96,25,1
504,26,28,0
230,18,28,0
759,74,55,1
278,49,54,0
676,18,61,0
318,75,50,1
372,93,59,1
195,11,39,0
864,17,34,1
175,74,9,0
615,22,46,1
528,87,26,0
560,24,54,0
138,36,43,0
367,95,53,1
598,40,11,0
994,18,23,1
560,70,30,1
902,46,52,1
256,55,24,1
919,46,30,1
893,72,8,1
559,18,17,0
711,67,58,1
899,83,47,1
341,10,14,0
508,87,38,1
379,32,46,0
933,60,63,1
338,40,61,1
787,64,29,1
610,17,31,0
140,24,8,0
820,85,39,1
931,72,11,1
843,80,26,1
603,65,16,1
657,24,56,1
740,57,50,1
907,63,37,1
155,47,41,0
760,56,12,1
621,21,31,0
916,87,21,1
634,12,43,0
441,15,29,0
104,72,63,0
192,28,51,0
673,33,44,0
859,36,56,1
743,42,54,1
145,47,11,0
953,95,43,1
376,39,11,0
393,88,53,1
200,48,35,0
636,14,25,1
487,13,29,0
602,25,59,0
983,13,24,1
405,15,58,0
192,50,56,1
230,64,56,1
273,17,51,0
723,90,11,1
104,32,38,1
608,36,54,1
873,45,25,0
588,84,18,1
864,84,43,1
830,81,60,1
873,18,53,1
263,34,46,1
595,68,31,1
645,95,31,1
137,80,35,0
635,79,51,1
858,34,14,1
717,61,38,1
185,45,15,0
468,19,21,0
299,51,64,1
578,55,41,0
437,30,46,0
782,61,39,1
843,20,59,1
609,72,16,1
607,70,42,1
992,23,28,1
778,29,31,1
872,20,13,1
461,43,47,0
667,15,21,1
411,35,32,1
773,15,15,0
158,22,56,0
856,14,49,1
973,58,17,1
151,24,11,0
502,90,28,1
377,22,10,0
575,24,46,1
123,68,37,0
653,82,53,1
687,99,12,1
303,24,15,0
384,42,30,0
304,33,61,0
536,96,49,1
323,16,25,0
431,91,9,1
401,80,38,0
630,30,16,0
133,15,43,0
393,57,23,0
686,38,29,1
964,67,12,1
666,18,44,0
899,98,58,1
434,93,41,1
347,15,63,0
535,89,21,0
871,23,46,1
563,70,32,0
398,74,10,1
556,98,47,1
399,84,60,1
414,23,38,0
144,58,45,0
514,85,39,1
816,86,8,1
202,64,64,0
445,27,59,0
743,57,32,1
965,81,8,1
949,34,31,1
104,78,14,0
668,86,62,1
609,91,46,1
607,77,44,1
690,48,24,1
875,41,48,1
796,69,30,1
477,24,10,0
531,32,41,1
141,70,8,0
148,40,22,0
425,54,12,0
445,22,57,1
895,70,61,1
612,45,62,1
781,62,40,1
542,92,28,1
975,61,64,1
914,18,43,0
608,70,42,1
935,30,42,1
513,28,15,0
975,31,45,1
847,40,40,1
796,89,62,1
867,93,23,1
743,24,39,0
330,44,24,0
116,91,38,1
838,32,56,1
574,10,40,0
108,23,58,0
384,93,15,1
874,10,20,1
601,78,51,1
611,78,13,1
129,98,57,1
167,48,62,0
780,99,59,1
865,30,40,0
211,62,36,1
195,18,43,0
206,74,27,0
224,28,16,0
253,40,56,0
760,53,52,1
147,36,13,0
598,19,42,0
943,56,12,1
857,17,11,1
403,84,11,1
673,22,49,0
273,28,43,0
840,88,53,1
128,11,49,0
880,86,38,1
847,97,56,1
895,95,17,1
898,97,37,1
164,67,30,0
783,27,47,1
101,71,26,0
877,43,50,1
356,25,15,0
457,90,10,1
486,42,63,1
386,91,26,1
996,10,21,1
965,87,44,1
272,35,58,0
210,56,61,0
489,17,35,1
620,25,18,0
897,20,34,1
845,23,52,1
682,59,24,1
685,23,34,0
810,99,17,1
555,70,25,1
299,93,41,0
932,62,28,1
866,31,41,1
578,93,37,1
194,89,47,1
978,86,58,1
128,52,14,0
622,56,30,1
133,75,24,0
547,85,28,1
480,31,45,0
335,74,19,0
512,44,31,0
284,82,17,0
574,78,15,1
787,17,34,0
675,95,62,1
478,62,19,1
801,100,55,1
916,75,8,1
892,98,52,1
173,99,15,0
831,64,20,1
204,79,18,0
361,53,25,0
921,60,56,1
651,29,29,0
846,70,14,1
431,77,62,1
636,47,52,1
316,17,35,0
313,20,33,0
355,69,22,0
571,82,50,1
932,74,33,1
761,88,21,1
583,96,63,1
966,79,29,1
962,19,21,1
711,83,58,1
226,77,50,0
706,68,55,1
965,59,45,1
719,28,61,1
581,76,44,0
135,22,46,0
828,98,29,1
345,37,21,0
232,66,46,0
615,93,41,1
914,83,13,1
210,63,11,0
408,24,54,0
590,74,61,1
481,98,64,1
121,97,16,0
614,46,59,0
149,53,36,0
213,47,52,0
754,69,40,1
565,23,32,0
213,99,20,1
898,33,48,1
515,85,36,1
200,53,41,0
765,94,21,1
900,57,29,1
338,50,46,0
557,64,10,1
550,29,18,0
690,71,41,1
543,76,23,1
300,36,50,0
558,17,40,0
226,34,34,0
811,10,30,0
651,59,12,1
298,53,28,0
530,12,56,0
295,63,55,0
131,57,55,0
343,15,32,0
185,73,12,0
895,27,54,1
760,18,49,1
417,27,58,0
392,34,56,0
729,13,36,1
652,51,51,1
997,89,55,1
512,98,25,1
342,97,36,1
747,82,40,1
698,92,63,1
619,80,63,1
379,59,20,1
384,22,33,1
661,94,49,1
617,82,26,1
332,56,59,0
513,91,18,1
784,49,28,1
125,25,45,0
799,15,14,1
781,94,14,1
614,82,28,1
895,68,17,1
638,27,23,0
369,32,19,0
332,22,62,0
177,69,27,0
281,47,18,0
249,86,34,1
134,99,56,0
778,19,62,1
284,30,8,0
189,27,23,0
186,30,9,0
444,49,64,0
701,90,48,1
830,69,42,1
322,98,12,1
902,21,25,1
292,45,60,0
163,18,35,0
966,68,13,1
222,13,33,0
557,42,27,0
850,65,17,1
928,59,14,1
319,88,41,1
341,46,58,0
633,22,50,0
140,21,36,0
820,57,31,1
672,39,35,1
623,29,50,1
289,58,24,1
434,36,51,1
785,57,45,1
178,72,35,0
848,13,30,1
903,51,29,1
558,48,46,1
244,60,24,0
498,22,9,0
446,42,26,0
418,70,42,1
645,87,37,1
624,26,43,0
550,62,30,1
258,81,18,1
396,35,56,0
495,25,39,0
287,51,39,0
604,71,38,1
428,48,32,0
550,12,34,0
778,97,28,1
735,84,42,1
693,22,35,1
702,15,53,0
851,75,21,1
153,43,45,0
952,74,48,1
677,92,61,1
568,56,8,1
996,23,28,1
706,29,30,0
337,43,43,0
426,63,8,1
772,53,31,1
939,21,59,1
377,32,25,0
861,92,43,1
374,36,36,0
446,28,57,0
195,88,54,1
247,98,41,1
170,26,24,0
682,78,25,1
266,85,32,0
524,13,50,1
860,50,15,1
281,10,44,0
519,28,22,0
709,44,59,1
853,81,20,1
348,51,58,0
272,31,22,0
985,74,15,1
488,73,17,1
215,33,21,0
143,63,46,0
112,35,38,0
883,28,21,1
576,88,56,1
338,38,28,0
948,22,38,1
437,16,10,0
392,77,30,1
517,14,35,0
108,30,44,0
544,63,53,1
250,77,28,0
168,82,59,1
295,92,32,1
346,91,52,1
488,43,19,1
609,72,61,1
561,59,36,1
294,67,26,0
386,32,12,0
890,70,54,1
998,89,57,1
856,90,45,1
913,58,34,1
229,61,43,0
498,68,64,1
879,35,28,1
551,20,38,0
260,61,47,1
296,21,64,0
768,98,48,1
854,42,21,1
778,40,28,1
186,19,35,0
155,41,45,0
199,36,20,0
566,16,37,0
532,31,63,1
521,23,42,1
718,44,22,1
475,93,60,1
487,98,52,1
305,11,40,0
943,31,53,1
136,21,60,0
686,67,33,1
794,27,36,1
247,100,9,1
967,61,44,1
367,88,9,1
106,53,38,0
716,91,40,1
139,61,44,0
151,50,29,0
433,34,47,0
642,58,37,1
201,52,58,0
725,90,62,1
255,31,52,0
754,40,54,1
993,83,21,1
173,78,51,0
540,74,51,1
750,54,38,1
798,67,27,1
699,100,48,1
992,26,55,1
536,52,37,1
409,55,49,1
426,37,37,1
597,79,57,1
496,62,60,0
549,88,59,1
256,18,12,0
139,35,17,0
856,52,11,1
419,81,14,1
970,62,61,1
985,79,37,1
363,20,56,0
518,85,60,1
677,95,9,1
135,14,19,0
739,92,19,1
398,85,22,1
263,76,21,0
949,72,24,1
832,89,48,1
625,62,11,1
426,74,20,1
731,79,45,1
716,60,29,1
990,13,63,1
131,15,28,0
736,31,34,1
985,53,11,1
363,67,13,0
682,19,63,1
690,94,54,1
835,56,39,1
367,12,32,0
702,10,54,0
540,48,31,1
393,67,60,1
167,44,28,0
610,85,45,1
189,94,41,1
522,54,44,1
421,77,62,1
939,15,37,0
535,27,43,0
798,44,19,1
186,46,55,0
850,14,20,0
488,57,37,1
355,43,8,0
606,50,49,1
573,77,48,1
143,50,11,1
887,71,25,1
285,98,51,1
735,13,17,1
754,19,35,1
324,51,45,1
981,84,8,1
165,24,48,0
881,57,64,1
367,95,63,1
721,84,53,1
786,59,26,1
951,70,36,1
656,63,18,0
806,25,56,1
236,79,58,0
987,96,15,1
161,26,31,0
427,53,31,1
218,33,26,0
154,90,59,1
682,55,42,1
198,33,51,0
355,93,31,1
203,31,30,0
225,52,30,0
639,86,29,1
659,38,49,1
546,43,54,1
565,54,24,1
230,23,46,0
247,40,19,0
742,55,27,1
992,86,22,1
555,11,51,0
679,20,21,1
704,53,26,1
939,76,48,1
333,90,38,1
125,91,31,0
543,73,25,1
639,47,51,1
186,76,46,0
740,24,33,0
316,24,11,0
157,68,62,1
116,78,50,0
783,69,59,1
788,18,38,1
831,66,40,1
412,66,62,1
617,17,13,1
610,46,22,1
323,82,55,0
603,50,59,0
603,17,19,0
896,18,35,1
639,38,37,1
127,40,50,0
361,63,39,1
323,66,29,1
200,69,59,0
248,15,41,0
347,35,11,0
409,64,61,1
891,62,53,1
944,20,58,1
708,77,64,1
308,99,52,1
317,29,31,0
273,29,25,0
705,77,50,1
254,75,45,0
955,53,56,1
216,67,49,0
151,17,47,0
529,42,32,0
522,66,39,1
546,55,36,1
775,46,24,1
282,100,29,0
206,37,38,0
606,18,21,0
865,99,33,1
401,76,16,1
973,47,58,1
492,71,54,1
895,68,21,1
279,14,36,0
616,60,38,1
410,53,9,0
400,86,24,1
895,50,33,1
521,17,27,0
739,73,18,1
622,56,20,0
456,65,10,1
713,14,25,0
241,47,42,0
379,47,58,0
351,28,10,0
297,67,9,0
651,91,41,1
131,94,38,0
565,22,41,0
998,80,60,1
218,55,12,0
841,19,14,1
747,28,57,0
346,15,13,0
315,34,33,0
351,10,43,0
692,48,9,0
138,61,44,0
993,13,46,1
107,53,11,0
921,96,58,1
165,70,52,0
775,52,63,1
110,22,53,0
645,22,47,1
997,32,43,1
324,19,42,0
696,12,16,0
797,48,31,1
933,70,54,1
500,12,13,0
299,16,10,0
656,55,56,1
995,47,49,1
288,72,33,1
349,66,28,0
493,83,39,1
833,88,60,1
773,56,56,1
276,42,61,1
900,99,16,1
335,11,57,1
424,93,8,1
630,20,64,0
586,20,8,0
591,44,19,0
126,64,42,0
364,23,43,0
708,83,63,1
609,10,30,0
869,49,61,1
961,78,21,1
524,88,41,1
659,16,61,0
311,83,59,1
793,69,37,1
913,62,38,1
727,73,35,1
327,53,24,0
401,26,24,0
870,38,34,1
148,24,38,0
667,66,61,1
211,37,28,0
320,28,27,0
999,64,63,1
736,37,10,0
321,72,54,1
956,81,49,1
129,83,43,0
125,30,27,0
710,81,63,1
935,78,31,1
673,29,53,0
301,35,9,0
259,54,56,1
470,67,16,1
734,100,57,1
555,51,32,1
943,78,9,1
348,21,54,0
345,66,26,0
421,83,30,0
400,71,13,0
959,34,58,1
319,54,41,0
719,97,34,1
656,10,48,0
453,63,53,1
254,77,49,1
363,22,56,0
588,27,20,1
990,83,15,1
544,18,64,0
528,67,13,0
396,45,59,1
815,40,9,1
976,75,23,1
253,17,28,0
128,39,55,0
779,57,23,1
343,54,58,0
242,38,41,0
904,95,63,1
367,11,14,0
235,39,53,0
334,59,25,0
753,37,56,1
667,65,44,1
336,72,34,1
921,16,17,0
646,34,44,1
139,37,36,0
661,66,12,1
776,68,42,1
605,62,21,0
849,44,18,1
717,16,52,1
719,40,29,1
131,100,44,1
375,37,49,0
145,65,11,0
438,78,32,1
160,81,63,1
504,94,26,1
495,17,61,0
379,47,51,0
208,26,29,0
341,88,43,1
467,49,53,1
744,61,29,1
451,90,30,1
641,95,29,1
466,34,43,0
824,48,24,1
750,54,29,1
652,73,42,1
226,49,26,0
177,58,15,0
763,93,8,1
400,78,36,0
600,49,35,1
805,13,41,0
167,18,15,0
450,76,28,1
748,18,52,1
381,31,8,0
466,38,61,0
925,72,21,1
126,68,57,0
446,61,21,1
328,22,8,0
468,48,54,0
271,42,57,0
903,26,24,1
776,29,17,0
654,21,39,1
876,14,43,1
116,68,9,1
287,58,39,0
534,19,13,0
527,29,22,0
963,62,62,1
773,33,49,1
470,70,16,1
926,90,17,1
183,76,51,0
381,93,24,1
468,20,23,0
888,58,30,1
786,95,14,1
610,99,54,1
515,29,36,0
955,90,44,1
558,23,48,1
794,28,39,1
489,100,17,1
707,23,60,1
212,85,40,1
744,29,56,1
126,86,62,0
292,74,37,1
303,89,23,1
561,34,56,0
515,87,8,1
701,54,21,1
185,68,20,0
974,84,31,1
681,28,15,0
259,94,51,1
408,31,41,0
875,53,58,1
653,69,38,1
197,77,37,0
657,65,9,0
691,37,51,0
776,37,34,1
300,79,15,1
747,10,35,0
727,94,51,1
739,99,40,1
146,24,37,0
892,36,36,1
674,15,11,0
723,44,44,1
689,87,12,1
376,39,62,0
518,89,53,1
192,86,58,0
789,94,56,1
462,66,19,1
645,32,21,0
187,51,28,0
783,26,32,1
547,47,29,1
880,84,25,1
263,66,45,1
554,64,53,1
234,55,44,0
287,98,21,1
472,66,51,1
858,39,35,1
388,47,28,0
849,70,15,1
845,32,19,0
618,66,25,1
982,37,15,1
791,24,54,1
488,75,63,1
426,51,25,0
628,97,38,1
851,72,61,1
192,10,60,0
948,66,43,1
819,89,36,1
261,68,33,1
186,41,19,0
566,95,25,1
572,97,50,1
122,16,24,0
947,69,43,1
166,59,37,1
677,65,25,1
203,29,46,0
624,62,36,1
119,30,59,0
548,99,48,1
551,68,11,1
624,69,52,1
567,89,13,1
922,47,31,1
492,35,56,0
374,34,12,1
820,22,43,1
528,11,23,0
344,62,31,0
328,31,62,0
693,64,46,1
534,32,62,0
145,69,50,1
142,18,63,0
979,50,8,1
658,79,43,1
981,23,13,1
547,42,12,1
773,72,34,1
663,86,51,1
352,35,30,0
890,52,49,1
378,81,20,1
917,38,35,1
309,54,15,1
958,24,12,0
333,80,41,0
169,26,10,0
170,58,27,0
973,56,57,1
987,35,45,1
254,57,29,0
503,46,48,1
982,54,60,1
682,84,32,1
576,94,56,1
880,51,12,1
882,74,38,1
436,52,17,0
716,77,64,1
855,95,62,1
891,64,40,1
428,28,12,0
232,65,64,0
604,99,50,1
773,78,13,1
623,65,55,1
396,98,35,1
512,85,39,1
740,94,54,1
577,39,9,0
376,17,46,0
694,97,56,1
344,18,57,0
151,20,44,0
672,63,9,1
829,80,38,1
741,91,27,1
785,66,8,1
551,42,58,1
190,61,38,0
131,74,33,0
464,18,16,0
300,32,54,0
187,53,39,0
786,82,40,1
416,47,10,0
901,82,23,1
602,31,33,0
616,77,9,0
143,36,58,0
361,93,10,0
977,11,22,0
284,76,32,0
701,73,57,1
725,48,52,1
366,53,22,1
994,84,32,1
776,79,29,1
669,41,54,1
265,35,32,0
268,99,17,1
783,71,22,1
692,17,12,0
278,31,64,0
450,20,15,0
488,16,14,0
688,24,57,1
796,84,64,1
265,30,63,0
727,13,64,1
394,48,48,0
419,15,56,0
260,11,44,0
119,85,16,0
383,17,45,0
499,24,53,0
461,46,58,1
913,54,30,1
909,35,57,1
489,19,9,0
340,33,24,0
902,72,48,1
240,25,34,0
405,11,28,0
743,99,32,1
897,92,13,1
640,61,24,1
556,76,45,1
140,92,9,0
234,54,28,0
314,82,50,1
397,88,24,1
554,29,31,0
677,59,31,1
433,34,56,0
513,51,46,1
403,87,17,1
111,17,59,0
681,32,19,0
687,19,15,1
503,53,58,1
336,95,64,0
940,72,53,1
632,13,11,0
880,78,60,1
363,46,56,0
620,33,21,1
366,22,24,1
925,54,8,1
113,86,20,1
488,46,42,0
345,79,54,1
292,42,19,0
217,50,53,0
241,42,44,0
700,52,61,1
105,11,55,0
108,52,64,0
742,99,40,1
338,71,26,1
557,15,20,0
381,48,35,1
991,90,12,1
860,32,56,1
250,38,51,0
199,62,36,0
733,68,44,1
373,81,13,0
662,39,62,1
911,25,57,0
123,47,17,0
384,84,17,1
600,26,25,1
851,82,63,1
527,56,12,0
712,78,59,1
749,39,29,0
948,42,25,1
722,77,17,1
959,91,50,1
590,14,52,0
644,16,39,0
911,91,42,1
635,67,62,1
137,21,61,0
396,21,38,0
579,66,12,1
196,13,15,0
487,98,64,1
157,74,8,1
418,41,51,0
282,44,17,0
206,47,46,0
689,37,22,1
977,25,60,1
169,83,43,0
400,32,43,0
496,41,24,0
985,53,64,1
437,73,27,0
541,37,60,1
494,58,25,0
466,63,20,1
370,34,27,0
336,23,64,0
573,48,18,0
170,13,13,0
164,16,32,0
184,13,40,0
612,79,42,0
223,90,55,1
349,15,59,0
187,25,48,0
173,27,45,0
681,97,8,1
117,99,14,0
190,47,63,0
600,12,24,0
673,58,39,1
122,89,60,1
539,63,22,1
170,25,31,0
987,79,17,1
851,79,55,1
985,86,38,1
260,24,32,0
184,51,43,0
167,83,37,1
161,32,56,0
943,83,38,1
414,66,48,1
240,19,20,0
785,75,11,1
693,77,38,1
814,60,44,1
347,44,15,0
896,14,60,1
509,79,16,0
516,18,29,0
479,50,30,1
968,86,28,1
766,30,10,0
271,99,61,1
780,83,43,1
456,47,29,0
913,59,54,1
197,12,25,0
595,96,51,1
585,35,58,1
989,14,63,1
870,41,51,1
121,10,9,0
724,44,64,1
268,52,55,0
882,41,14,1
509,85,14,1
297,96,44,1
398,48,50,0
373,13,31,0
820,31,13,1
369,76,44,0
703,87,46,1
495,38,64,1
804,43,46,1
166,15,64,0
327,44,40,0
868,71,27,1
750,80,36,1
1000,16,16,1
505,65,63,1
382,69,31,0
694,84,32,1
433,72,9,1
695,22,35,0
718,90,56,1
127,50,14,0
356,87,41,0
110,51,58,0
806,72,16,1
663,45,8,1
987,92,22,1
422,31,41,0
295,74,16,0
937,35,39,1
139,94,32,1
854,96,46,1
542,89,63,1
844,82,38,1
535,47,19,0
439,99,60,1
505,88,41,1
931,84,12,1
518,14,17,0
967,61,20,1
759,34,56,1
194,18,31,0
135,59,56,0
135,91,35,1
708,17,26,1
498,49,21,1
478,46,47,1
431,85,46,1
623,68,50,1
151,42,9,0
576,18,48,0
386,55,36,0
370,66,12,0
349,49,46,0
315,40,35,0
558,60,58,1
226,65,36,1
903,71,63,1
160,30,46,0
643,18,51,1
651,10,25,0
465,49,26,0
241,39,8,0
803,37,34,0
554,30,43,0
428,27,55,0
757,33,38,0
946,98,42,1
141,84,37,0
886,97,18,1
697,63,25,1
807,89,49,1
373,15,31,0
155,76,22,0
211,45,63,0
203,84,15,0
671,16,15,1
960,41,37,1
880,42,63,1
284,75,42,1
550,17,27,1
514,44,32,0
631,85,18,1
274,32,30,0
317,96,57,1
211,67,56,1
414,90,29,1
262,65,49,1
339,85,38,0
476,56,11,0
235,21,17,0
886,30,29,1
273,51,37,0
293,28,11,0
419,53,58,0
504,86,36,1
466,99,36,1
160,46,45,0
116,46,57,0
526,39,27,0
718,56,14,1
733,100,58,1
872,33,46,1
505,39,58,0
999,94,43,1
922,15,40,1
434,88,38,1
662,81,36,1
239,46,63,0
401,86,62,1
602,91,16,1
490,43,28,0
924,10,61,1
544,88,51,1
698,57,22,1
740,39,31,0
970,94,60,1
821,74,59,1
349,98,57,1
353,15,12,0
864,67,11,1
589,30,50,0
506,22,55,0
873,40,63,1
531,47,46,0
896,56,24,1
882,46,9,1
977,40,33,1
223,13,41,0
848,82,57,1
438,80,40,0
877,71,19,1
968,94,18,1
347,96,14,0
536,15,42,0
129,78,36,0
736,43,39,1
683,23,22,0
101,31,46,0
594,26,40,0
970,38,53,1
670,56,19,0
339,53,55,0
460,36,24,1
766,83,44,1
292,35,19,0
274,14,57,0
509,52,51,1
299,79,13,0
852,34,50,1
470,85,10,0
886,77,11,1
971,57,62,1
418,92,56,1
273,40,38,0
532,51,22,0
661,30,36,1
228,58,39,0
365,61,58,1
420,50,15,0
103,60,20,0
267,29,53,0
288,91,51,1
456,56,43,1
468,100,13,1
320,35,42,0
958,76,52,1
740,12,12,0
168,74,20,1
200,25,42,0
238,62,30,0
234,16,57,0
397,84,33,1
291,21,42,0
775,92,28,1
845,19,64,1
394,43,29,1
932,78,56,1
192,66,35,0
343,77,8,1
363,94,62,1
224,95,9,0
997,52,46,1
542,71,53,1
459,90,60,1
622,46,48,1
168,37,45,0
395,24,56,0
793,20,26,0
676,63,9,1
216,78,21,0
639,70,45,1
797,77,41,1
450,88,46,0
372,49,18,0
945,53,25,1
493,37,36,1
770,90,34,1
906,52,55,1
387,57,31,0
242,51,46,0
499,90,16,1
313,68,46,1
559,55,25,1
485,35,16,0
962,57,39,1
228,95,16,0
628,82,19,1
504,96,42,1
193,52,59,0
790,95,38,1
518,35,12,1
279,24,9,0
991,26,41,1
659,100,62,1
853,62,39,1
625,80,50,1
720,46,64,1
857,86,22,1
671,71,46,1
301,37,11,0
829,17,37,1
174,85,50,0
342,83,62,1
541,54,57,0
775,69,58,1
588,38,58,0
183,38,9,0
226,45,24,0
505,52,15,1
133,71,33,0
514,23,57,1
784,86,24,1
217,29,32,0
967,22,55,1
606,21,11,0
350,31,37,0
195,28,54,0
945,70,42,1
516,47,51,1
278,21,24,0
635,30,44,0
314,82,25,1
680,35,56,1
984,98,43,1
831,11,45,1
313,10,59,0
247,18,24,0
574,56,29,1
302,61,34,0
784,99,48,1
787,16,15,1
818,96,34,1
386,48,23,0
274,73,46,0
987,29,38,1
454,60,39,1
383,69,40,1
486,47,48,0
902,67,14,1
472,71,61,0
965,42,21,1
928,75,27,1
658,15,33,0
596,33,59,1
518,95,64,1
312,96,9,1
777,94,48,1
840,77,45,1
253,18,17,0
359,85,56,1
407,34,23,1
509,46,42,1
508,39,52,1
608,48,28,1
753,36,39,1
842,18,45,1
382,69,25,0
230,78,63,1
755,79,11,1
770,67,58,1
567,47,17,1
905,10,22,1
207,16,48,0
576,11,48,1
103,62,9,0
354,47,49,1
919,18,32,1
160,83,32,0
706,16,56,1
809,10,29,1
426,64,58,1
147,41,30,0
846,86,47,1
562,33,49,0
784,66,39,0
803,24,31,1
172,72,54,0
298,58,17,0
232,37,8,0
267,96,23,0
460,55,15,1
712,19,19,0
576,42,58,1
266,95,19,1
564,36,37,1
459,64,36,1
465,85,41,1
162,34,29,0
470,11,38,0
538,72,55,1
112,87,20,0
947,57,36,1
524,58,13,0
855,48,51,1
751,43,19,1
647,45,27,1
866,93,59,1
390,16,32,0
698,11,47,0
253,86,39,0
551,99,41,1
615,50,58,0
150,100,60,1
507,42,30,1
961,78,43,1
805,90,46,1
317,45,54,0
794,57,62,1
539,39,53,0
168,87,26,0
994,44,24,1
963,21,15,1
893,48,33,1
280,46,28,0
487,58,25,1
730,38,14,1
896,48,18,1
621,23,30,0
391,26,12,0
909,52,46,1
935,91,52,1
436,70,35,1
178,17,64,0
204,52,42,1
271,81,31,1
793,51,27,1
137,90,37,1
929,47,29,1
385,57,54,0
267,65,47,0
586,18,11,0
201,20,31,0
402,93,41,1
588,44,47,0
101,15,47,0
156,57,45,0
227,38,19,0
451,89,21,1
705,22,60,0
123,58,26,0
676,23,51,0
400,83,63,1
264,67,12,0
168,68,20,0
860,45,45,1
396,57,13,1
451,96,60,1
203,42,28,1
436,85,48,1
439,94,9,1
313,70,10,1
661,48,58,0
680,10,36,1
141,88,10,0
644,14,57,1
375,22,39,0
988,42,38,1
643,98,57,1
959,52,49,1
784,56,41,1
481,20,29,0
309,12,46,0
469,11,17,0
240,34,62,0
184,57,38,1
137,14,13,0
752,67,53,1
506,17,39,0
937,56,32,1
117,76,35,0
322,99,32,1
525,89,57,1
565,79,29,1
911,64,39,1
436,76,49,1
894,34,29,1
299,21,34,0
629,89,37,1
135,88,20,0
219,22,42,0
428,91,10,1
346,71,61,1
880,16,57,1
485,27,16,0
204,66,19,0
662,21,48,1
778,43,37,0
114,79,62,0
839,11,59,0
455,19,21,0
164,13,57,0
841,88,57,1
259,69,40,0
735,11,55,0
137,78,36,0
133,95,51,0
431,94,60,1
405,60,52,1
874,44,28,1
683,76,34,1
363,93,36,0
164,46,18,0
306,27,30,0
105,98,28,0
949,37,17,1
193,73,13,1
656,30,23,1
731,47,63,1
207,21,13,0
499,27,47,1
239,23,50,0
607,10,16,0
490,12,62,0
971,31,27,1
357,52,16,0
627,26,43,1
265,70,15,0
545,17,60,0
490,69,23,0
444,61,12,0
605,26,45,0
718,26,31,1
465,21,39,0
975,45,55,1
628,69,33,0
640,66,45,1
520,47,45,1
993,75,62,1
784,63,44,1
972,74,42,1
914,92,16,1
566,53,40,1
594,37,31,0
136,39,8,0
220,61,36,0
940,40,38,1
284,94,48,0
360,35,26,0
482,51,49,1
647,24,32,1
546,19,12,0
790,69,14,1
560,39,59,1
950,25,37,1
411,99,20,1
261,57,12,0
811,91,57,1
373,55,51,0
947,27,64,1
253,44,51,0
452,10,53,1
277,26,24,0
432,88,43,1
156,44,57,0
342,45,10,0
765,16,46,1
576,71,42,1
450,81,63,1
377,23,48,0
336,65,32,0
332,45,37,1
781,83,28,1
666,13,54,1
159,40,26,0
632,82,63,1
382,42,54,1
796,74,18,1
534,97,60,1
770,60,35,1
498,36,25,0
436,100,13,1
849,64,12,1
190,49,32,0
701,32,9,1
382,75,56,1
749,71,41,1
976,94,61,1
688,87,26,1
826,32,11,1
772,36,30,0
422,91,32,1
886,69,58,1
384,50,23,0
566,39,29,0
891,80,55,1
173,29,59,0
429,18,21,0
893,75,44,1
944,18,49,1
392,25,27,0
536,31,20,0
238,14,60,0
640,84,43,1
128,55,49,0
471,56,45,1
436,70,41,1
874,31,26,1
923,30,42,1
479,100,40,1
242,75,60,0
497,97,24,1
397,51,52,0
745,18,55,1
835,93,15,1
526,81,48,1
402,94,53,1
807,62,49,1
805,67,56,1
803,72,8,1
523,12,28,1
440,23,46,0
517,54,64,1
473,94,20,1
760,39,57,1
310,10,35,0
181,73,19,0
984,63,44,1
894,43,10,1
535,47,35,0
899,36,14,0
319,95,11,0
693,62,28,1
622,41,23,1
752,79,59,1
253,37,62,0
161,53,8,0
954,48,10,1
434,86,49,1
783,17,31,0
909,92,19,1
730,73,55,1
796,97,49,1
641,43,58,1
870,62,10,1
201,89,47,1
187,67,52,0
672,10,18,0
721,13,49,0
842,50,45,1
328,80,9,0
102,71,27,0
349,35,36,0
277,43,22,0
335,44,18,0
177,41,9,0
145,19,53,0
263,45,36,0
850,51,61,1
640,84,58,1
931,77,58,1
665,41,27,1
664,39,26,1
893,87,33,1
752,72,49,1
573,35,11,0
302,39,41,0
582,39,40,0
332,23,41,0
817,97,23,1
728,69,24,0
643,53,37,1
648,12,23,0
377,75,30,0
893,35,56,1
201,32,55,0
390,41,35,0
510,44,31,1
953,42,10,1
194,17,45,0
245,24,23,0
227,45,33,0
627,68,15,1
174,33,9,0
316,17,61,0
397,100,39,1
939,48,55,1
999,66,63,1
604,30,20,0
662,32,31,1
888,62,24,1
554,36,42,0
444,76,22,0
740,50,29,0
476,44,50,1
484,73,54,1
541,51,21,0
113,55,43,0
461,11,57,0
748,21,21,1
469,67,47,1
371,37,47,0
340,24,20,0
132,85,32,0
765,19,37,0
244,26,56,0
469,72,34,0
500,41,8,0
717,94,22,1
780,44,9,1
102,29,24,0
661,73,25,1
353,10,60,0
418,69,44,1
1000,77,64,1
381,61,52,0
542,15,56,0
861,20,30,1
803,11,45,1
885,48,30,1
572,33,41,0
202,52,27,0
816,12,25,0
677,75,16,1
819,90,12,1
865,49,16,1
761,41,18,1
613,31,22,0
717,90,17,1
477,95,30,1
871,46,57,1
593,43,38,1
647,64,16,1
333,41,57,0
527,60,29,0
809,66,30,1
672,41,51,1
732,18,24,1
449,88,35,1
950,29,26,1
163,68,13,0
615,59,45,0
556,34,33,1
106,93,64,1
488,97,51,1
123,64,59,0
967,37,63,1
863,61,59,1
680,47,51,1
157,53,51,0
981,39,27,1
351,26,21,0
349,60,56,0
515,10,40,0
722,37,18,1
826,38,23,1
295,43,29,0
541,35,42,0
119,73,30,0
375,27,36,0
765,95,47,1
434,98,39,1
162,18,33,0
140,84,17,0
918,47,31,1
706,19,63,0
409,99,26,1
821,61,58,1
585,69,18,1
591,46,49,1
849,76,53,1
535,89,59,1
453,28,41,0
988,42,37,0
665,73,61,1
865,68,14,1
508,65,59,1
748,54,59,1
690,41,52,1
156,94,57,0
696,78,43,1
748,26,20,1
591,13,41,0
501,65,44,1
888,55,43,1
859,28,8,1
359,94,44,1
997,20,33,1
783,33,14,1
719,41,53,1
742,25,58,1
851,59,43,1
587,70,29,1
968,45,42,1
990,24,44,1
801,97,52,1
482,48,30,1
855,77,10,1
545,67,60,1
103,81,60,1
736,33,46,1
282,62,38,1
802,29,45,0
345,81,10,1
920,47,61,0
816,43,36,1
551,84,31,1
718,94,42,1
334,26,56,0
622,44,24,1
164,15,18,0
413,96,20,1
191,89,29,1
358,48,38,1
594,71,36,1
105,27,18,0
798,14,19,1
726,76,13,1
735,63,64,1
479,14,21,0
937,53,22,1
617,77,11,1
925,12,27,1
632,71,29,1
191,62,10,0
261,59,36,1
433,60,38,1
483,19,22,0
200,57,57,0
237,99,42,1
352,42,37,0
112,83,24,0
188,81,43,0
553,51,24,0
334,99,28,1
451,19,9,0
269,41,12,0
539,60,29,0
879,73,25,1
311,24,43,0
478,95,16,1
543,97,28,1
694,85,14,1
298,70,23,0
244,63,26,0
379,30,62,1
544,12,60,0
855,16,17,1
259,84,27,1
296,82,26,1
140,96,59,1
622,27,61,1
683,89,48,1
676,43,50,1
493,47,30,0
503,79,9,1
851,74,55,1
557,53,13,0
641,52,11,1
158,26,48,0
340,68,39,1
773,10,59,0
799,29,45,1
105,95,27,0
879,60,49,1
668,91,26,1
711,48,56,1
184,36,50,0
377,71,25,1
263,67,47,0
855,44,46,1
425,91,53,1
399,89,54,1
785,52,52,1
918,40,17,1
613,91,9,1
691,80,47,1
235,82,32,1
512,16,22,0
368,93,56,1
728,95,58,1
708,80,11,1
837,30,42,1
945,52,63,1
404,53,28,0
913,31,50,1
383,88,38,1
793,27,48,1
559,30,49,0
298,26,63,0
615,58,15,1
607,11,13,0
684,13,21,0
243,95,36,1
960,87,11,1
822,49,27,1
121,89,57,0
975,82,58,1
104,60,16,0
307,50,49,0
699,31,58,0
943,78,41,1
112,37,57,0
219,11,33,0
722,65,40,1
699,41,60,0
908,75,18,1
195,14,55,0
411,81,51,0
369,63,59,1
953,97,21,1
854,11,62,1
336,68,50,1
466,21,46,1
818,15,40,0
211,77,11,1
473,70,49,1
194,75,13,1
263,22,19,0
685,95,30,1
722,34,18,0
772,42,39,1
560,88,19,1
437,60,34,0
828,20,41,1
886,41,37,1
932,82,34,1
715,36,10,0
165,58,22,1
691,92,37,1
539,65,15,1
469,24,30,0
450,13,32,0
849,49,20,1
789,71,53,1
251,93,17,1
711,71,44,1
589,47,34,0
154,83,57,0
242,15,33,0
656,85,53,1
972,34,43,1
590,84,13,1
765,23,44,1
321,33,36,0
697,51,48,1
755,40,18,1
957,89,12,1
892,38,53,1
708,12,11,1
193,93,35,0
931,46,61,1
246,21,55,0
603,76,40,1
649,15,63,0
141,50,31,0
800,78,31,1
275,35,46,0
742,10,53,0
688,44,35,0
587,57,64,1
800,99,14,1
701,48,44,1
560,24,41,0
249,42,25,0
629,94,24,1
187,78,36,0
159,56,44,0
169,67,32,0
715,56,30,0
771,15,11,1
719,14,21,0
452,24,10,0
686,15,32,1
141,90,39,1
392,33,15,1
135,83,19,1
576,12,45,0
329,91,54,1
837,77,19,1
588,82,51,1
661,54,31,1
477,90,13,1
319,92,20,1
170,16,29,0
874,38,34,1
804,84,44,1
426,50,21,0
243,53,15,0
301,23,11,0
291,63,14,0
753,60,16,1
103,94,9,1
286,48,41,0
296,78,17,0
157,32,63,0
1000,18,55,1
614,62,50,1
809,37,22,1
730,19,18,1
266,14,61,0
345,19,53,0
204,47,29,0
589,74,13,1
840,38,17,1
713,65,57,1
451,33,57,1
702,12,47,1
703,17,53,1
160,91,9,1
204,62,11,0
891,53,20,1
569,88,43,1
833,46,38,1
406,70,56,1
733,40,11,1
489,14,26,0
686,77,22,1
170,11,52,0
368,55,39,0
317,73,62,0
100,77,21,0
852,16,16,1
827,34,32,1
170,35,20,0
969,92,19,1
502,97,10,1
742,27,9,1
471,30,63,1
285,55,60,1
139,40,63,0
452,21,39,0
653,20,50,0
893,89,8,1
778,55,24,1
957,31,61,1
588,100,51,1
153,54,18,0
982,57,43,1
993,72,59,1
958,35,19,1
339,76,11,0
811,18,27,0
914,17,59,1
356,50,50,0
590,99,14,1
858,41,47,1
944,40,26,1
294,83,60,1
204,64,47,0
365,83,10,1
524,47,36,1
559,26,64,1
638,13,53,0
438,37,10,0
747,22,61,1
396,51,37,0
848,22,44,0
197,58,60,0
641,95,13,1
862,24,16,1
449,46,49,0
890,85,36,1
571,32,51,1
284,70,12,0
563,92,12,1
664,77,9,1
121,37,39,0
700,26,62,0
384,19,41,0
407,57,23,0
804,77,49,1
518,93,10,1
300,76,12,0
464,54,61,0
805,91,35,1
853,23,40,1
521,50,33,0
468,50,55,0
649,50,15,1
892,56,26,1
433,42,52,0
105,53,61,0
176,39,36,0
785,20,63,1
246,96,28,1
771,11,11,0
187,91,8,1
685,79,21,1
944,82,33,1
171,87,40,1
839,41,48,1
720,67,26,1
516,83,63,1
335,78,10,1
196,18,12,0
615,44,13,0
112,98,32,0
776,13,36,0
704,20,36,1
623,52,27,1
133,54,26,0
227,64,8,0
646,63,64,1
257,70,31,0
847,56,58,1
749,85,41,1
283,73,11,1
143,19,59,0
375,41,20,0
683,82,57,1
770,100,64,1
344,84,13,0
927,54,62,1
311,27,54,0
810,10,38,0
853,60,63,1
961,20,62,1
451,63,63,1
389,48,43,0
371,68,42,0
549,58,30,1
358,47,27,0
455,55,22,0
163,99,46,0
103,71,28,0
759,85,35,1
303,75,36,1
649,77,32,0
678,69,24,1
322,43,8,0
998,39,58,1
587,28,45,1
388,71,11,1
378,50,32,0
768,45,32,1
130,27,24,0
734,96,50,1
423,22,63,0
288,36,33,0
346,39,46,0
617,32,59,0
443,57,20,0
275,86,61,1
949,85,31,1
627,88,9,1
227,66,43,0
476,78,38,1
742,19,48,0
412,17,26,0
613,23,59,1
272,54,64,0
354,66,28,1
213,63,24,0
368,92,47,1
153,55,53,0
741,23,49,0
821,74,31,1
101,59,10,0
249,37,18,0
608,38,59,0
520,34,41,0
101,20,32,0
306,32,48,0
338,64,9,1
351,82,54,1
441,22,58,0
999,34,42,1
467,22,11,0
589,38,37,0
184,42,61,0
713,75,13,1
199,41,26,0
283,24,19,0
651,65,45,1
495,16,58,0
734,93,22,1
556,26,64,0
905,87,54,1
317,59,35,1
289,50,53,1
753,79,17,1
470,27,34,0
684,88,10,1
524,10,36,0
643,58,14,1
633,91,59,1
997,37,20,1
626,94,51,1
446,13,61,0
313,17,17,0
487,27,43,0
980,63,59,1
299,36,41,0
854,73,53,1
1000,35,54,1
246,30,10,0
444,25,18,0
714,77,22,1
730,27,38,1
521,90,38,1
813,76,45,1
614,92,19,1
276,86,46,1
228,82,11,0
822,25,43,0
713,77,19,1
896,53,49,1
389,64,20,0
102,68,11,0
978,62,14,1
659,31,54,1
297,23,55,0
752,23,11,0
936,37,64,1
516,14,24,0
512,68,50,1
147,31,18,0
233,53,13,0
393,91,24,1
557,44,18,0
108,95,52,1
451,100,32,1
406,58,49,1
206,83,21,0
755,74,33,1
112,94,45,0
186,26,51,0
960,91,29,1
584,25,17,0
108,74,57,0
683,12,28,0
230,57,12,0
423,56,19,1
548,60,53,1
919,68,40,1
263,27,60,0
405,11,41,0
159,63,49,0
924,92,42,1
943,94,51,1
664,53,21,1
846,92,46,1
258,34,49,0
284,53,61,1
892,83,23,1
479,78,54,1
803,94,31,1
939,27,25,0
122,85,57,0
899,57,14,1
375,40,39,0
882,14,36,1
342,38,57,0
115,39,47,0
549,74,17,1
719,40,17,1
693,73,20,1
635,23,32,0
219,57,58,0
925,86,28,1
663,27,12,0
339,11,27,0
816,67,42,1
725,67,14,1
421,87,15,1
355,41,51,0
524,81,43,1
419,74,57,1
291,13,13,0
291,20,28,0
178,57,41,0
719,61,19,1
338,30,52,0
965,45,49,1
583,57,17,1
444,36,31,0
341,13,14,0
308,33,64,0
749,70,15,1
243,24,29,0
470,68,25,1
846,82,17,1
897,43,38,1
593,30,60,1
604,56,17,0
809,10,40,0
990,87,26,1
253,100,19,1
264,36,36,0
703,95,12,1
728,56,32,1
382,72,57,0
797,97,26,1
214,21,45,0
319,88,32,1
811,51,17,1
907,30,11,0
459,26,49,0
452,100,39,1
797,40,36,1
117,28,38,0
168,59,40,1
818,94,25,1
208,91,40,0
790,30,42,1
280,99,12,0
665,34,17,0
602,83,22,1
1000,92,19,1
402,67,27,0
429,87,36,0
784,37,29,1
769,56,62,1
948,100,64,1
256,86,21,0
847,94,21,1
656,43,46,0
913,24,10,1
804,91,51,1
895,100,24,1
194,73,10,0
518,47,28,0
236,81,47,1
545,55,25,1
695,79,49,1
552,40,10,1
204,69,25,1
124,71,62,1
757,93,21,1
136,61,20,1
785,24,36,0
547,64,26,1
336,43,16,0
354,77,62,1
154,99,33,1
757,51,32,1
671,98,52,1
517,46,16,0
850,66,50,1
364,71,25,1
492,69,30,1
272,60,49,0
442,93,11,1
630,68,64,1
184,35,44,0
479,37,30,0
193,11,42,0
143,35,20,0
351,54,61,1
675,96,21,1
455,34,38,0
819,10,22,1
368,51,64,0
593,89,27,1
116,99,47,1
181,11,59,0
668,28,18,0
888,78,19,1
927,24,64,0
655,87,14,1
420,42,34,0
905,59,20,1
140,95,42,1
675,47,62,1
400,71,30,1
701,65,19,1
123,73,10,0
647,88,9,1
434,48,18,0
532,44,29,0
156,19,44,0
405,19,12,0
519,78,61,1
887,92,10,1
803,72,45,1
608,11,11,0
690,49,31,1
778,74,49,1
256,54,9,0
859,17,42,1
661,19,26,0
683,70,50,1
390,57,8,0
593,29,50,1
180,85,45,0
193,62,15,0
113,82,55,0
751,39,21,1
121,76,19,0
272,44,49,0
984,42,63,1
601,22,47,0
203,79,25,0
379,46,61,0
849,61,30,1
986,43,55,1
605,55,47,1
869,55,8,1
232,52,46,0
162,35,63,0
973,41,37,0
746,88,44,1
928,30,33,1
550,63,60,1
318,32,13,0
430,91,59,1
387,60,59,0
790,68,56,1
530,41,24,0
913,72,62,1
649,72,47,1
162,55,62,0
307,69,52,1
419,67,8,0
703,79,12,1
975,83,64,1
128,37,15,0
839,51,29,1
168,11,38,0
393,32,42,0
267,22,19,0
593,99,34,1
521,39,59,0
942,67,64,1
615,37,58,0
505,50,53,0
726,28,50,1
815,63,60,1
530,78,63,1
546,100,18,1
116,62,19,0
865,81,18,1
626,11,26,0
270,45,54,1
727,24,61,0
743,84,58,1
958,98,46,1
634,68,24,1
394,67,29,1
685,98,21,1
469,72,34,1
445,91,62,1
613,100,15,1
783,20,15,0
241,29,57,0
529,71,28,0
333,64,35,0
538,63,21,1
567,35,21,1
969,33,24,1
458,78,58,1
585,75,61,1
649,42,58,1
434,61,62,1
241,25,64,0
784,64,43,1
594,68,21,0
742,46,46,1
322,78,33,0
847,79,64,1
266,45,11,0
1000,20,9,0
349,23,48,0
726,72,34,1
626,100,57,1
605,49,9,0
171,16,52,0
483,86,8,1
581,44,11,0
933,90,38,1
991,73,20,1
645,13,30,0
993,31,59,1
402,60,31,1
616,45,18,1
451,72,36,1
237,29,23,0
105,69,39,0
476,19,17,0
712,80,51,1
394,58,48,0
340,41,13,0
157,15,39,0
893,93,59,1
558,58,60,1
654,30,17,1
532,13,24,0
610,83,21,1
813,87,43,1
660,36,26,0
169,43,48,0
188,55,10,0
386,65,20,0
338,13,34,0
578,86,42,1
718,23,24,1
748,30,18,1
593,38,54,1
825,97,51,1
674,58,9,0
384,64,15,1
416,93,45,1
939,88,39,1
340,63,53,0
485,15,12,0
654,88,33,1
704,45,40,1
791,62,38,1
565,86,44,1
766,76,45,1
439,62,63,1
652,76,9,1
147,31,50,0
508,94,22,1
377,95,55,1
418,66,24,0
365,22,49,0
792,87,19,1
765,73,40,1
618,35,61,1
601,50,35,1
594,34,57,0
945,84,28,1
632,47,31,1
864,25,60,1
768,99,57,1
809,45,20,1
610,26,12,0
187,45,60,0
695,100,43,1
134,44,25,0
391,44,22,0
271,65,39,1
286,65,43,1
796,98,58,1
919,78,50,1
684,89,8,1
884,23,63,1
639,68,43,1
346,63,14,0
603,26,21,1
111,64,33,1
248,59,21,0
126,71,9,0
464,48,35,0
204,49,21,0
953,12,62,0
193,22,15,0
938,69,36,1
352,22,25,0
303,23,41,0
679,31,38,0
125,47,47,0
989,96,45,1
435,46,24,0
787,28,56,1
686,43,58,0
380,94,29,1
710,43,28,1
204,54,39,0
258,38,62,0
446,97,17,1
136,36,39,0
826,88,9,1
666,40,39,1
721,96,23,1
811,10,47,1
270,80,26,0
502,29,48,0
973,35,37,1
343,40,18,0
315,98,39,1
499,92,21,1
157,55,10,0
931,20,20,1
264,60,47,0
224,40,11,0
886,46,15,1
661,89,32,1
256,43,58,0
293,39,32,0
959,41,42,1
656,67,10,1
755,29,53,1
216,29,37,0
108,79,15,0
595,18,23,0
183,30,34,0
680,46,28,0
215,97,54,1
238,82,10,0
729,67,46,1
244,99,62,1
365,56,23,0
650,35,61,0
731,18,26,0
397,39,42,1
615,26,16,0
705,70,54,1
582,31,42,1
768,54,47,1
261,51,27,0
481,54,12,0
805,92,33,1
529,80,22,1
647,82,57,1
913,45,63,1
108,21,44,0
150,19,10,0
598,57,33,1
815,22,62,1
143,13,46,0
152,98,59,1
850,81,49,1
895,35,62,1
113,96,60,0
661,68,52,1
335,38,25,0
996,65,24,1
291,83,58,1
671,42,57,1
570,91,24,1
324,10,39,0
818,35,61,1
770,94,8,1
623,47,64,1
189,37,8,0
354,87,59,1
414,86,51,1
908,36,56,0
720,91,29,1
976,29,54,1
687,39,27,1
810,96,56,1
771,99,56,1
956,89,31,1
785,28,12,1
176,66,49,1
451,69,17,1
289,68,13,1
936,69,45,1
349,29,39,0
530,91,12,1
725,32,25,1
839,32,50,1
444,100,49,1
209,51,29,0
477,33,51,1
786,31,58,1
183,22,8,0
866,51,21,1
188,81,60,0
957,73,49,1
946,55,9,1
494,68,51,1
244,22,42,0
872,72,60,1
302,44,15,0
335,12,13,0
557,88,26,1
336,21,26,0
639,97,24,1
387,45,34,0
937,14,46,1
892,57,10,1
417,47,57,0
245,21,59,0
913,30,12,1
492,18,58,0
606,14,36,0
658,46,25,0
354,87,63,1
253,24,40,0
115,32,40,0
653,72,61,1
154,86,50,1
820,85,47,1
580,31,51,1
889,88,32,1
730,78,48,1
504,45,44,0
156,89,24,1
703,62,49,1
752,33,57,0
585,42,34,1
294,30,30,0
586,44,57,1
271,11,21,0
995,63,48,1
300,89,43,1
344,83,14,1
396,42,32,1
855,58,15,1
955,90,23,1
685,92,59,1
420,63,14,0
946,70,36,1
890,83,49,1
930,24,37,1
447,37,14,0
746,85,35,1
691,77,36,1
777,24,22,1
423,70,37,1
516,39,15,1
468,84,31,1
853,38,31,1
629,75,22,1
993,96,39,1
166,73,49,0
494,68,41,0
851,29,61,1
754,48,13,1
119,53,20,0
609,52,19,1
117,100,59,1
936,58,63,1
531,59,45,1
736,90,54,1
725,71,50,1
951,89,64,1
351,19,17,0
516,33,63,1
869,11,61,0
365,92,41,1
269,98,33,1
874,92,60,1
857,71,29,1
809,44,58,1
890,98,37,1
963,47,22,1
979,54,62,1
485,19,37,0
940,50,8,1
319,85,63,1
483,40,60,1
960,52,54,1
328,42,42,1
972,78,14,1
519,59,28,1
332,56,16,0
158,75,16,1
670,15,21,0
772,15,41,0
953,23,63,0
964,65,63,1
832,19,63,1
924,53,39,1
112,87,24,1
968,79,45,1
628,84,44,1
397,94,29,1
240,46,39,0
260,83,34,0
715,78,31,1
783,33,30,0
975,25,14,1
190,61,64,0
838,89,9,1
615,92,40,1
903,52,41,1
286,65,27,1
908,64,60,1
829,68,15,1
704,83,51,1
255,11,64,0
365,45,10,0
601,12,10,1
805,33,11,0
850,51,48,1
688,26,43,1
723,58,51,1
965,98,50,1
507,12,62,0
829,19,46,1
831,77,24,1
951,69,29,1
803,94,48,1
854,36,19,1
972,24,61,1
837,78,44,1
421,81,48,1
918,67,46,1
391,82,61,1
103,17,10,0
491,18,21,0
252,12,10,0
837,52,14,1
451,91,22,1
160,25,14,0
111,11,20,0
691,47,25,1
919,24,24,1
229,78,32,0
831,74,43,1
934,55,38,1
713,81,52,1
752,37,24,1
609,26,11,0
551,92,18,1
273,70,57,1
397,78,24,1
741,90,44,1
914,100,64,1
817,66,9,1
808,76,13,1
596,74,56,1
952,97,44,1
412,63,23,1
240,27,9,0
911,33,20,1
591,94,59,1
377,14,52,0
225,25,34,0
422,60,52,1
657,44,62,0
207,77,43,1
527,44,26,0
226,61,45,0
792,96,44,1
850,12,25,0
176,98,50,1
877,24,36,0
211,14,33,0
973,87,47,1
652,98,35,1
495,47,28,0
807,82,37,1
118,36,58,0
554,68,38,1
770,20,22,0
971,73,8,1
211,16,30,0
182,16,44,0
461,32,45,0
835,32,48,1
494,64,53,1
520,64,18,1
730,80,43,1
893,22,25,1
650,93,13,1
748,22,53,1
495,41,50,0
417,88,21,1
272,38,61,0
658,94,18,1
740,92,36,1
587,58,54,1
220,59,13,0
832,93,39,1
547,11,28,0
336,79,58,0
279,70,42,1
586,62,62,1
492,23,31,0
504,31,22,1
983,52,49,1
736,47,37,0
842,16,25,0
606,78,23,1
997,53,9,1
968,100,53,1
840,14,50,1
811,25,25,1
271,78,25,1
836,81,20,1
277,90,12,1
581,73,32,1
408,52,36,1
856,65,50,1
873,72,63,1
645,30,53,0
932,51,63,1
178,75,8,0
243,98,62,1
140,95,23,0
114,23,64,0
895,98,17,1
377,96,9,1
392,93,41,1
604,68,31,1
945,24,24,1
368,49,45,0
577,91,62,1
460,29,9,0
514,50,15,0
241,49,16,0
602,73,56,1
107,85,49,1
448,92,35,1
411,40,50,0
882,88,63,1
136,51,38,0
259,61,23,1
797,98,63,1
220,77,42,0
777,22,54,1
814,53,51,1
250,98,55,1
821,20,64,0
412,14,42,0
888,100,12,1
640,88,24,1
385,60,20,0
581,30,39,0
369,15,63,0
703,17,45,0
865,74,47,1
638,32,55,0
367,54,51,0
288,95,18,1
217,85,36,1
973,70,48,1
244,57,53,1
474,42,55,1
194,51,48,0
161,67,49,0
972,17,46,1
291,66,56,1
711,30,16,0
276,48,54,0
953,42,21,1
750,29,22,1
529,26,63,0
767,70,34,1
236,33,16,0
902,57,38,1
360,68,16,0
533,88,23,1
563,25,53,0
927,59,38,1
277,32,15,0
175,92,24,0
290,69,29,1
137,59,21,0
810,82,26,1
271,34,54,1
602,78,58,1
195,73,33,1
798,64,46,1
515,10,62,0
859,95,33,1
622,47,19,0
733,10,63,1
378,54,15,0
880,86,33,1
886,32,21,1
188,61,20,0
266,55,19,0
708,80,57,1
156,70,57,1
385,75,56,1
630,73,31,1
477,24,59,0
805,92,38,1
105,87,42,0
819,51,11,1
583,18,26,0
135,97,17,0
860,57,45,1
399,100,13,1
954,82,58,1
291,34,25,0
620,25,22,0
692,66,48,1
544,66,11,1
886,49,62,1
569,11,18,0
507,78,29,1
805,44,48,1
181,64,36,0
592,43,44,1
520,96,63,1
515,13,30,1
654,55,28,1
284,81,52,0
829,36,60,1
805,57,22,1
748,57,38,1
680,81,37,1
478,27,30,0
343,10,47,0
437,96,12,0
604,32,36,1
347,20,49,0
556,97,64,1
465,52,51,1
894,62,54,1
914,22,61,0
548,25,18,0
829,68,36,1
209,92,11,0
411,36,56,0
965,22,53,1
218,75,58,1
464,59,23,0
119,23,45,0
792,14,39,1
960,17,42,1
322,97,36,1
560,58,54,1
143,75,54,0
487,68,47,1
123,64,36,0
681,84,25,1
891,30,50,1
752,76,44,1
514,78,49,1
183,68,39,1
346,66,34,1
798,23,22,1
893,87,64,1
724,31,41,1
284,18,46,0
270,62,58,0
821,62,45,1
903,78,28,1
282,31,41,0
505,69,60,1
664,25,23,1
495,83,40,1
994,44,16,1
478,86,26,1
709,97,31,1
637,82,9,1
707,58,61,1
895,54,35,1
818,28,26,1
760,33,40,1
776,42,50,1
797,24,37,0
522,52,55,1
138,44,27,0
568,15,21,0
986,67,21,1
376,66,54,0
616,26,11,0
338,79,42,1
557,72,57,1
705,98,35,1
317,28,28,0
656,87,32,1
343,40,39,0
168,71,48,1
443,74,46,1
165,56,52,0
226,72,28,0
483,86,41,1
152,32,39,0
278,19,45,0
145,61,53,0
405,61,28,1
830,39,29,1
391,47,13,0
217,91,21,1
831,53,15,1
646,29,61,1
969,10,24,1
927,96,17,1
708,24,13,0
696,78,28,1
549,77,33,1
361,50,45,1
947,47,23,1
612,69,43,1
219,57,27,1
255,76,37,1
546,53,56,1
885,34,55,1
446,27,11,0
876,18,41,0
715,28,59,1
982,70,47,1
306,66,16,0
365,96,31,1
115,78,24,0
182,72,47,1
434,35,17,0
210,15,39,0
163,86,30,1
216,61,41,0
812,63,31,1
420,46,42,0
157,57,42,0
355,75,10,0
728,53,21,1
114,61,50,0
737,14,10,0
469,51,26,1
470,33,19,0
501,52,15,0
297,92,26,0
735,30,50,1
713,43,57,1
291,43,10,0
643,100,54,1
555,47,45,0
708,91,55,1
764,90,24,1
570,26,26,1
766,62,37,1
338,62,19,0
690,94,37,1
844,28,45,1
743,73,10,1
267,16,49,0
336,25,63,0
399,78,57,1
460,37,15,0
296,21,60,0
658,57,41,1
159,51,11,0
448,59,53,1
680,82,56,1
244,83,11,1
407,82,10,1
609,18,14,1
154,53,64,0
360,23,46,0
638,55,19,1
507,84,59,1
790,34,45,1
569,14,50,0
817,66,46,1
751,72,61,1
262,73,16,0
351,58,54,1
726,82,11,1
268,18,53,0
578,95,19,1
688,65,11,1
628,25,25,0
386,50,12,0
439,98,41,1
510,100,49,1
592,49,42,1
151,40,37,0
114,23,23,0
854,48,48,1
472,46,57,1
334,49,34,0
626,80,60,1
297,50,26,1
240,17,56,0
194,94,51,1
457,10,48,0
932,28,22,1
873,18,14,1
454,11,28,0
721,45,33,1
908,93,45,1
115,39,40,0
285,11,10,0
636,11,39,1
818,56,38,1
137,52,27,0
227,41,62,1
457,32,40,0
113,25,44,0
672,50,20,0
563,52,28,1
341,36,48,0
516,72,42,1
361,29,44,0
807,48,25,1
171,74,40,1
539,30,51,0
440,76,24,1
670,14,64,0
124,49,24,0
356,65,41,1
927,85,23,1
461,32,62,1
450,68,20,0
136,73,51,1
194,10,13,0
669,17,24,0
765,75,64,1
296,39,29,0
628,54,40,1
627,98,37,1
685,18,63,0
515,84,41,1
917,14,15,0
651,88,30,1
406,47,28,0
858,16,61,1
503,94,40,1
544,47,42,1
846,50,26,1
458,76,58,1
425,83,42,1
612,55,51,1
542,24,36,0
515,62,31,1
493,21,28,0
217,90,17,0
758,37,54,1
700,15,23,0
605,96,50,1
918,55,16,1
520,29,26,0
826,54,58,1
607,33,52,1
914,64,40,1
838,90,29,1
807,64,60,1
907,64,47,1
572,30,22,0
833,89,42,1
556,88,54,1
159,48,64,0
483,67,36,1
995,74,20,1
947,18,13,1
693,23,25,0
591,85,63,1
394,54,10,1
807,84,57,1
262,56,17,0
654,20,64,0
319,85,62,1
823,75,62,1
250,37,30,0
431,74,9,0
435,100,52,1
912,58,59,1
824,97,56,1
904,55,17,1
746,19,41,0
313,97,31,0
280,35,39,0
795,92,40,1
136,34,35,0
698,21,60,1
451,67,40,0
271,18,38,0
860,25,58,1
185,63,18,1
654,38,31,1
777,20,46,1
276,90,11,1
957,33,44,1
299,38,22,0
484,78,42,1
589,54,55,0
792,26,48,1
845,86,13,1
275,29,8,0
336,90,19,0
740,75,32,1
248,62,25,0
424,64,55,1
891,35,25,1
616,49,50,1
678,52,56,0
159,77,11,0
241,19,64,0
405,18,48,0
541,24,13,0
649,97,51,1
198,87,38,0
381,92,32,1
194,47,14,0
542,10,45,0
793,31,24,1
246,86,12,0
962,70,59,1
273,44,53,0
683,96,32,1
150,14,19,0
294,94,33,1
360,21,46,0
280,89,51,1
292,59,23,0
707,56,29,0
772,36,18,1
326,61,60,1
265,39,43,0
349,90,60,1
109,87,62,0
834,27,39,1
171,96,49,0
116,49,34,0
970,85,53,1
830,93,62,1
140,14,42,0
803,52,44,1
725,83,10,1
302,36,46,0
774,78,27,1
934,100,16,1
111,87,43,0
121,33,55,0
462,61,27,1
213,27,60,0
562,84,49,1
280,48,56,0
665,55,42,1
805,69,33,1
481,81,62,1
595,32,26,0
123,98,59,1
773,37,11,1
536,86,44,1
381,58,17,0
485,60,60,1
103,42,16,0
781,32,40,1
173,50,20,0
752,84,26,1
887,79,40,1
575,48,32,0
104,36,55,0
835,25,48,1
925,64,19,1
916,35,47,1
855,75,25,1
159,32,28,0
327,56,35,0
422,24,16,0
603,29,54,1
482,99,13,1
964,99,23,1
536,96,52,1
413,79,64,1
193,79,28,0
628,87,9,1
228,29,30,0
558,77,27,1
702,40,29,1
439,96,16,1
680,49,39,1
812,13,50,1
833,33,54,1
765,21,51,1
906,12,55,1
882,49,37,1
393,56,51,1
999,29,10,1
707,43,46,1
692,63,12,1
624,69,33,1
686,41,18,0
897,16,50,1
252,10,60,0
641,98,19,1
596,86,56,1
635,17,18,0
267,17,41,0
604,39,59,0
232,90,49,0
229,82,58,1
273,92,48,0
536,22,56,0
313,54,47,0
779,53,27,1
402,13,49,0
261,10,35,0
927,57,43,1
465,81,37,1
933,54,41,1
402,55,16,0
776,96,33,1
207,52,53,0
398,27,56,0
728,53,61,1
275,26,55,0
293,98,33,1
839,52,22,1
498,54,19,0
899,76,50,1
405,45,8,1
531,21,52,0
745,85,48,1
339,20,51,0
639,52,20,1
370,38,21,0
434,94,55,1
646,34,23,1
619,31,48,1
484,34,54,0
718,66,58,1
312,57,24,0
617,32,43,0
881,16,41,0
976,73,49,1
146,17,10,0
713,10,60,1
685,82,10,1
709,67,52,1
821,99,39,1
941,36,29,0
408,78,25,1
801,19,47,0
910,75,13,1
415,27,44,0
232,69,39,0
540,77,35,1
943,37,32,1
781,25,21,1
308,64,41,1
929,26,55,1
521,25,53,0
869,26,21,1
433,17,24,0
992,57,15,1
501,20,58,0
856,19,37,1
724,58,16,1
416,58,62,1
451,46,32,1
788,94,47,1
159,77,31,0
530,64,38,1
224,99,51,1
399,44,46,0
134,74,22,1
527,42,23,0
430,88,32,1
864,71,42,1
203,97,36,1
548,77,48,1
700,66,50,1
647,76,62,1
954,52,31,1
618,78,16,1
808,96,11,1
168,35,49,0
526,49,46,1
623,67,28,1
651,24,13,0
934,42,51,1
611,93,27,1
331,98,27,1
704,91,17,1
320,32,26,0
744,24,12,0
362,18,21,0
638,43,41,1
940,33,17,1
561,100,31,1
927,69,51,1
851,99,24,1
491,45,57,0
275,65,61,0
670,69,34,1
167,17,9,0
441,62,18,0
750,51,30,1
428,41,39,1
194,12,24,0
861,100,43,1
995,65,54,1
930,31,58,1
783,72,53,1
197,35,31,0
247,78,14,0
764,36,26,1
194,46,16,0
835,85,40,1
580,82,29,1
522,60,50,1
145,78,42,1
679,91,19,1
681,31,33,0
791,10,41,1
941,33,8,1
110,40,53,0
790,88,54,1
860,96,52,1
769,39,35,1
537,90,23,1
768,36,44,1
289,70,29,1
371,94,64,1
150,22,26,0
706,48,32,0
501,64,23,1
994,19,15,1
777,36,52,0
634,38,45,1
974,54,23,1
141,83,54,0
697,75,51,1
470,33,32,0
555,98,44,1
257,17,44,0
677,90,50,1
949,23,31,1
575,49,39,0
825,94,35,1
391,44,53,1
275,23,38,0
487,76,35,1
883,89,19,1
305,62,47,1
544,26,60,0
590,74,56,1
494,12,42,1
231,90,60,0
541,92,22,1
294,82,35,1
230,31,57,0
470,97,45,1
210,18,12,0
255,31,49,0
480,60,42,1
924,53,21,1
967,21,49,1
625,19,40,0
144,40,27,0
170,23,60,0
228,69,50,0
842,82,35,1
637,50,8,1
957,10,18,1
236,22,33,0
810,41,36,1
393,44,13,0
638,12,52,0
482,88,50,1
860,39,8,1
288,37,32,0
351,89,49,1
732,93,49,1
415,13,48,0
946,12,36,1
158,16,28,0
201,13,52,0
152,10,13,0
700,17,44,0
593,77,14,1
613,11,32,0
200,42,34,0
433,68,13,1
722,14,50,0
787,68,23,1
974,32,19,1
469,60,26,1
508,17,25,0
424,43,37,0
784,51,26,1
854,57,41,1
327,33,64,0
101,44,14,0
872,49,51,1
685,27,42,1
171,96,23,1
169,87,63,1
654,95,52,1
331,14,21,0
297,95,22,1
637,58,19,1
226,40,63,0
272,66,9,1
762,83,21,1
893,27,59,1
201,89,27,1
324,41,17,0
187,43,26,0
391,37,40,0
771,87,30,1
326,20,27,0
551,20,38,0
697,25,49,0
714,53,32,1
700,18,58,0
752,47,33,0
398,37,18,0
487,59,13,0
414,58,28,0
717,31,23,1
869,65,47,1
950,64,16,1
517,47,17,1
287,58,31,1
654,20,42,1
899,65,43,1
829,42,38,1
935,40,41,1
375,29,45,1
430,23,38,0
938,94,51,1
186,74,38,1
378,37,39,0
962,51,59,1
431,29,14,0
217,12,55,0
729,54,15,1
886,46,44,1
885,24,45,1
304,41,48,0
713,74,17,1
490,51,27,1
109,60,32,0
509,41,22,0
142,44,61,0
193,14,10,0
514,61,37,1
782,79,38,1
359,44,54,0
570,60,39,1
813,82,26,1
959,64,58,1
803,100,46,1
344,54,57,1
685,18,16,0
896,50,35,1
716,46,21,1
514,56,22,1
405,74,43,0
843,51,41,1
527,78,37,0
103,16,58,0
647,42,24,1
426,26,53,0
592,74,34,1
702,81,40,1
383,22,60,0
210,69,59,0
369,89,62,1
165,87,53,1
262,40,34,0
491,92,57,1
972,86,11,1
588,15,10,0
268,43,40,0
380,33,25,0
469,80,53,1
238,79,22,1
464,25,27,0
986,37,23,1
455,92,27,1
358,47,35,0
135,89,36,1
125,16,51,0
786,62,14,1
631,81,8,1
282,90,14,0
969,43,17,1
224,20,30,0
695,78,22,1
952,16,61,1
409,30,10,0
227,28,48,0
867,15,22,0
833,97,8,1
348,99,41,0
755,62,63,1
131,90,29,0
607,63,44,1
316,38,48,0
581,44,56,1
570,51,58,1
287,37,23,0
378,49,29,1
617,61,41,1
140,90,49,1
499,26,18,0
853,33,38,1
970,88,17,1
280,61,55,1
737,92,44,1
833,35,52,1
159,76,18,0
438,21,42,0
969,51,28,1
590,86,15,1
467,81,38,1
759,34,43,1
815,10,42,0
338,30,9,0
901,65,42,1
859,40,39,1
101,92,20,0
532,89,40,1
117,88,61,0
666,68,35,1
463,89,50,1
544,19,48,0
424,22,12,0
479,26,16,0
205,49,13,0
634,20,24,0
798,48,52,1
783,15,54,1
957,23,8,0
823,80,13,1
575,98,57,1
851,15,39,1
801,89,40,1
713,30,19,0
937,70,26,1
804,63,35,1
342,26,63,0
224,50,21,0
971,64,53,1
571,65,47,1
447,78,14,1
523,30,19,0
884,97,47,1
999,69,20,1
978,32,61,1
455,11,43,0
429,29,20,0
232,42,53,0
683,46,8,0
565,40,49,0
855,68,44,1
699,26,45,1
598,74,26,0
226,29,59,0
501,77,28,1
602,91,55,1
838,65,45,1
524,53,57,1
269,27,30,0
921,78,60,1
217,33,51,0
942,91,40,1
895,55,45,1
623,44,24,1
131,100,56,1
873,27,27,1
351,39,50,0
654,89,42,1
516,44,64,1
438,25,11,0
533,52,42,1
609,51,26,0
867,93,19,1
477,88,34,1
463,13,11,0
904,92,10,1
846,22,11,0
292,64,39,0
298,73,34,0
802,91,19,1
633,89,32,1
597,99,32,1
340,46,11,0
971,26,25,1
975,63,9,1
806,86,55,1
862,29,48,1
559,10,27,0
373,14,42,0
827,48,14,0
860,40,19,1
600,73,64,1
145,26,64,0
536,92,59,1
325,21,9,0
922,90,22,1
689,11,14,0
272,43,57,0
774,59,10,1
595,58,23,1
888,13,48,0
892,13,46,1
826,59,54,1
161,10,50,0
568,97,47,1
663,28,43,0
778,56,56,0
639,35,28,1
842,75,27,1
225,54,32,0
258,44,47,0
762,14,46,0
819,33,51,1
838,20,58,1
672,12,56,0
400,73,30,0
127,77,38,0
897,85,62,1
304,11,28,0
398,81,61,1
915,23,46,1
384,51,38,0
829,67,47,1
151,46,8,0
197,30,35,0
631,91,60,1
755,39,31,0
732,61,13,1
123,38,54,0
392,20,17,0
828,51,29,1
494,100,62,1
444,42,49,1
928,47,12,1
299,66,20,1
383,98,47,1
773,92,28,1
599,80,34,1
461,100,28,1
454,13,34,0
949,19,29,0
161,58,28,0
480,17,23,0
831,25,61,1
750,33,55,1
976,57,57,1
324,57,30,0
549,70,14,1
928,59,13,1
560,13,53,0
556,76,47,1
858,43,52,1
959,67,29,1
116,11,20,0
536,60,33,1
715,97,56,1
972,78,18,1
160,67,62,0
890,26,15,1
397,24,21,0
369,52,49,1
785,57,31,0
217,89,13,0
904,43,22,1
799,90,44,1
380,45,46,1
576,35,23,0
110,54,16,0
889,61,40,1
698,27,18,0
914,94,24,1
196,74,40,0
367,51,14,0
345,61,28,0
565,80,50,1
418,25,36,0
294,41,20,0
491,66,53,1
183,31,26,0
795,32,29,1
567,76,37,1
493,93,48,1
735,10,62,0
173,99,30,0
574,38,47,1
254,25,11,0
549,70,40,1
963,54,37,1
321,62,58,0
818,48,31,1
356,44,11,0
534,25,47,0
738,70,64,1
804,65,14,1
390,36,20,1
221,50,12,0
359,33,58,1
689,72,28,1
247,98,20,1
851,32,34,1
657,25,50,1
829,43,37,1
809,24,34,1
745,20,14,1
710,48,16,1
582,38,15,1
948,63,37,1
196,73,36,0
374,79,22,0
647,63,35,1
742,12,30,0
333,66,64,0
770,72,17,1
638,27,39,0
437,57,50,1
471,97,57,1
885,30,32,1
648,93,23,1
942,81,39,1
867,42,37,1
553,78,31,1
396,85,31,1
244,48,42,0
937,56,48,1
382,81,55,1
827,96,61,1
348,83,40,1
199,90,9,0
462,57,43,0
688,76,35,1
567,61,33,1
766,10,19,0
341,59,24,1
358,72,40,1
187,70,19,0
527,32,34,0
808,36,33,1
574,16,22,0
792,57,61,1
967,98,39,1
848,89,37,1
329,23,42,0
893,49,26,1
359,97,8,0
664,43,59,1
853,49,32,1
264,48,64,0
600,90,40,1
543,34,34,0
506,64,24,1
928,65,64,1
101,79,37,0
855,94,25,1
885,31,8,1
605,63,11,1
655,79,17,1
522,79,59,1
100,21,61,0
534,83,28,1
399,26,62,0
872,48,9,1
386,18,17,0
470,59,33,0
772,48,31,1
435,16,32,0
518,81,26,1
232,69,32,1
383,43,24,0
193,17,49,0
601,86,55,1
334,29,39,0
127,27,26,0
795,69,22,1
679,51,13,0
773,62,43,1
475,12,37,0
233,88,54,1
820,87,32,1
558,83,54,1
661,95,9,1
848,35,56,0
875,53,18,1
813,79,8,1
464,73,32,1
119,19,57,0
940,14,57,1
919,12,36,1
132,81,53,0
321,95,39,1
652,72,28,1
969,39,62,1
219,17,47,0
509,26,56,0
307,44,17,0
178,82,26,0
393,27,33,0
226,83,27,0
431,12,44,1
427,62,24,0
374,96,8,1
590,74,59,1
672,44,22,1
325,28,36,0
417,15,28,0
870,78,57,1
741,93,16,1
413,46,36,0
681,10,19,0
543,81,64,1
227,82,56,1
132,12,55,0
315,63,38,0
840,99,14,1
796,69,53,1
699,32,47,0
454,50,8,0
794,65,42,1
714,39,56,1
856,42,63,1
319,94,64,1
292,86,17,0
403,13,59,0
568,100,46,1
848,84,44,1
948,45,11,1
147,94,35,1
130,56,37,0
212,87,43,0
330,59,30,1
244,80,20,1
341,67,60,0
745,90,60,1
307,63,26,0
318,35,63,1
583,24,39,0
723,82,47,1
835,67,64,1
556,49,37,1
919,52,63,1
1000,51,29,1
844,65,50,1
388,69,56,1
353,73,15,1
653,34,61,1
355,61,44,0
665,71,27,1
369,50,17,0
991,77,15,1
533,37,13,0
527,45,53,0
568,86,24,1
825,23,64,1
778,80,42,1
888,93,16,1
549,43,34,1
723,97,11,1
127,71,13,0
762,26,60,1
653,48,41,1
608,91,23,1
984,91,50,1
632,71,20,1
941,97,29,1
199,25,52,0
981,28,33,0
107,94,22,0
631,75,28,1
184,30,38,0
890,74,20,1
715,42,17,0
178,30,61,0
350,66,12,1
685,56,13,1
202,25,9,0
470,88,36,1
335,66,17,0
539,75,27,1
828,25,38,1
876,92,19,1
731,42,25,1
849,40,44,0
518,26,28,0
811,52,52,1
768,86,33,1
384,93,57,1
1000,62,59,1
769,55,32,1
556,60,43,1
758,44,46,1
251,75,20,1
972,33,52,1
817,83,29,1
491,64,17,1
144,10,38,0
777,82,43,1
243,99,62,1
212,62,60,0
692,20,56,1
514,100,59,1
552,76,31,1
801,60,22,1
844,77,34,1
650,21,22,0
239,14,17,0
881,17,26,1
137,36,52,0
219,17,14,0
762,13,31,0
984,19,25,1
183,59,38,0
504,53,43,0
764,25,49,1
567,76,53,1
125,12,31,0
968,77,13,1
270,53,10,0
259,59,46,0
567,33,11,0
202,96,30,0
550,67,56,1
513,80,32,1
831,47,30,1
543,42,20,0
321,17,55,0
134,96,40,1
300,55,51,1
823,40,33,1
822,12,16,0
572,95,61,1
672,30,24,0
675,60,21,1
826,66,62,1
732,67,27,1
717,65,34,1
568,62,45,1
984,35,20,1
984,76,11,1
414,52,53,1
894,13,14,1
528,58,14,0
924,17,57,1
119,63,31,0
158,25,21,0
447,17,11,0
960,19,62,1
323,54,50,1
638,52,19,1
108,39,15,0
349,35,19,0
740,84,45,1
293,88,42,1
858,13,44,1
389,87,23,1
829,93,57,1
528,16,59,0
989,92,13,1
228,100,39,1
750,14,43,1
378,66,39,1
675,87,57,1
830,32,48,0
217,75,11,0
518,69,52,1
991,47,15,1
299,67,49,0
292,42,50,0
664,96,64,1
666,14,24,0
349,36,22,0
287,23,19,0
957,17,9,0
260,54,45,0
314,13,10,0
569,67,58,1
646,31,21,1
298,23,22,0
234,51,22,0
570,57,31,1
814,37,23,1
360,82,25,1
436,35,32,0
900,94,47,1
433,42,33,0
864,16,47,0
211,22,55,0
678,24,25,0
744,41,62,1
325,26,30,0
398,70,19,1
391,11,13,0
746,84,44,1
924,32,41,1
255,99,55,0
786,55,34,1
711,44,37,1
755,39,31,1
305,47,12,0
473,12,15,0
678,17,9,1
804,64,51,1
317,14,62,0
957,18,57,1
804,17,14,1
258,79,34,1
436,15,59,0
549,52,25,1
979,32,42,1
512,85,17,1
615,74,47,1
223,76,53,0
940,21,32,1
833,72,37,1
357,39,35,0
450,69,19,0
720,34,43,1
370,95,53,1
169,75,52,0
214,59,22,0
572,97,36,1
929,47,37,1
137,29,26,0
994,41,53,1
490,78,31,1
583,71,12,1
231,21,8,0
594,43,40,0
210,72,26,0
681,81,8,1
244,15,15,0
130,96,42,1
313,76,54,1
258,81,34,1
960,59,24,1
340,77,53,1
591,94,14,1
658,69,25,1
211,61,42,0
652,25,55,0
413,59,47,1
394,59,9,0
375,17,36,0
394,90,27,0
884,38,47,1
734,89,15,1
691,49,45,1
891,51,17,1
909,49,50,1
918,26,12,1
845,76,21,1
282,10,42,0
250,100,24,1
865,24,44,1
472,25,59,0
161,58,17,0
168,26,22,0
161,47,37,0
957,16,57,1
217,86,60,1
375,83,54,1
335,82,25,1
751,51,49,1
359,77,16,1
485,34,41,0
522,100,29,1
597,22,62,0
136,23,27,0
181,95,12,0
943,81,59,1
224,46,57,0
568,81,49,1
169,10,49,0
937,94,10,1
581,40,39,1
665,10,28,0
117,51,41,0
165,83,30,0
393,81,35,0
513,21,11,0
151,92,49,0
935,36,53,1
956,63,15,1
824,10,9,1
875,72,54,1
491,83,49,1
210,19,48,0
429,19,23,0
221,84,13,1
780,31,8,1
224,10,10,0
829,22,22,0
921,42,32,1
596,43,63,0
943,90,63,1
247,14,58,0
144,82,40,0
462,26,47,0
707,54,51,0
824,49,18,1
230,55,57,0
538,15,35,0
190,15,18,0
684,44,63,1
850,39,48,1
764,53,24,1
821,97,24,1
140,47,59,0
524,22,41,1
206,74,38,0
179,47,11,0
122,55,52,1
599,37,61,1
110,90,11,1
154,78,38,0
555,99,24,1
801,65,41,1
545,46,35,0
380,60,47,0
199,25,21,0
838,11,43,0
703,22,31,0
813,51,43,1
275,44,11,0
811,46,45,1
722,76,36,1
732,23,61,1
460,78,55,1
328,16,29,0
139,14,47,0
672,88,35,1
131,57,55,0
243,62,33,1
316,91,37,1
425,86,32,1
645,58,41,1
684,55,30,1
581,38,33,1
338,71,37,0
426,44,49,0
697,97,36,1
384,20,52,0
164,53,64,0
206,66,60,0
683,98,25,1
295,22,41,0
682,77,37,1
512,94,12,1
911,24,15,0
107,45,10,0
540,41,42,0
617,73,21,1
351,89,21,1
821,44,27,1
944,19,28,1
352,29,16,0
792,85,19,1
972,56,8,1
542,67,56,1
972,45,60,1
423,55,24,1
350,90,39,1
736,30,56,0
169,49,56,0
174,44,35,0
128,42,49,0
459,52,39,1
128,50,41,0
844,33,38,1
785,24,46,1
206,72,10,0
690,35,38,1
773,15,15,1
833,17,58,0
334,28,63,0
821,83,34,1
735,43,55,1
903,81,27,1
217,54,44,0
447,58,20,0
333,63,26,0
281,70,42,0
577,95,42,1
294,52,14,0
385,56,21,1
719,30,15,0
876,87,24,1
610,62,45,1
465,87,33,1
444,29,34,0
703,84,26,1
731,78,18,1
531,62,10,0
803,35,53,1
388,40,49,0
226,58,14,0
619,50,35,1
518,27,41,0
591,15,40,0
824,89,39,1
967,86,9,1
599,92,42,1
747,58,50,1
752,85,14,1
860,64,30,1
627,69,19,1
848,81,22,1
509,21,62,0
639,48,59,1
251,100,41,1
778,63,53,1
237,66,47,0
723,85,14,1
194,86,12,1
589,30,42,0
237,17,20,0
390,28,19,0
249,84,46,1
995,87,10,1
537,97,41,1
381,90,8,1
723,55,27,1
482,33,40,0
763,52,29,1
467,49,64,1
245,43,62,0
139,43,44,0
354,61,48,1
328,32,22,0
165,67,53,0
262,14,41,0
956,48,40,1
367,71,8,0
423,69,31,1
756,11,12,0
398,25,51,0
656,69,36,1
606,99,10,1
958,62,49,1
395,77,39,0
225,37,15,0
652,33,25,0
520,83,33,1
320,74,20,1
612,100,49,1
548,56,45,1
235,52,22,0
815,62,57,1
894,68,31,1
704,56,63,0
748,95,56,1
293,99,10,0
198,83,25,0
364,91,11,0
962,15,21,1
611,93,39,1
165,97,45,1
322,26,55,0
703,98,20,1
957,87,47,1
278,11,51,0
250,46,20,0
402,24,34,0
589,82,46,1
372,84,38,1
760,86,10,1
983,93,30,1
642,83,59,1
792,82,62,1
202,73,38,0
712,49,56,1
743,42,39,1
287,39,27,0
659,76,52,1
940,55,49,1
480,49,23,0
949,16,62,1
521,64,30,0
864,80,30,1
416,43,46,1
562,91,20,1
899,31,11,1
273,36,48,0
128,27,28,0
951,28,64,1
143,65,19,0
956,96,34,1
616,41,41,1
987,37,35,1
650,91,44,1
375,99,35,1
667,90,21,1
868,94,17,1
512,80,10,1
857,28,8,1
765,80,29,1
485,29,51,0
454,93,48,1
609,56,33,1
765,46,31,1
186,12,21,0
523,57,31,1
781,63,31,1
620,30,48,1
416,50,52,1
536,90,33,1
705,34,50,1
906,86,56,1
705,34,49,1
958,36,25,1
756,16,8,1
157,18,41,0
455,90,39,1
732,91,54,1
208,15,64,0
370,62,51,0
365,47,22,0
117,38,17,0
331,14,15,0
832,31,17,0
709,30,11,0
207,91,55,0
928,82,40,1
